<?xml version='1.0' encoding='euc-kr'?>
<page>
	<id>10</id>
	<url>http://www.tradenfairs.com/2009/05/gems-jewellery-trade-shows.html</url>
	<title>Gems &amp; Jewellery Trade Shows </title>
	<body>Are you looking for fashion jewellery exhibition or fair? Your search for international gems &amp; jewellery trade show, gems &amp; jewelry trade fairs, diamond shows, natural stone exhibitions, precious stones expos, ornament fairs, fashion/costume jewellery expositions, jewelry cutting tools &amp; machines trade shows and all other kinds of gold/silver/platinum/artificial jewellery shows ends on this Asia Fashion Jewellery &amp; Accessories Fair. That will be starting on 18-JUN-09 to 21-JUN-09 which is organizing by CMP Asia Limited. This 4 days exhibition will be a platform of importers, exporters, retailers, manufacturers throughout the globe. Importers/exporters, Wholesalers, Retailers, Manufacturers, Department/chain stores, Mail order houses related to the field of Fashion jewellery, Fashion accessories, Fashion jewellery materials are the target visitors.
We are also going to arrange online exhibition for Gems and Jewelry on 24th Sept, 2009 to 30th Sept, 2009. you will be getting more information online with this exhibition. </body>
	<category></category>
	<tag></tag>
</page>