<?xml version='1.0' encoding='euc-kr'?>
<page>
	<id>5</id>
	<url>http://healthnfitnessdaily.com/5236/nintendo-wii-fit-green-silicone-skin-cover-with-foot-print-plus-a-livelaughlove-wrist-band-free/</url>
	<title>Nintendo Wii Fit GREEN Silicone Skin Cover With Foot Print Plus A Live*Laugh*Love Wrist Band Free!!!</title>
	<body>Protect your Nintendo Wii fit and get a better grip on your game play!!!
Silicone Skin Custom design for WII FIT!!!
The Skin help absorb sweat!!!
Live*Laugh*Love Wrist Band Looks Great and most of All Its GENUINELY UNIQUE!!!</body>
	<category></category>
	<tag> Cover, Foot, GREEN, Live*Laugh*Love, Nintendo, Plus, PRINT, Silicone, Skin, With</tag>
</page>