<?xml version='1.0' encoding='euc-kr'?>
<page>
	<id>161</id>
	<url>http://www.dallasnews.com/sharedcontent/dws/fea/taste/easyrecipes/stories/DN-nf_desperation_0603gd.State.Edition1.27b9961.html</url>
	<title>Mini Ham Pizzas: Big on flavor, lower on calories</title>
	<body>Kids love pizza, but nutritionally speaking, pizza doesn't love kids. Can you make a healthier pizza at home that kids will actually eat?

	It turns out the list of healthy trade-offs is a long one.

	So while our Mini Ham Pizzas won't look exactly like typical pizzas, they passed our teenage taste tests with raves.

	Crust: A prepared traditional pizza crust has 5 fat grams per serving, 4 grams more than an English muffin. We went with the whole-grain muffin for fiber.

	Sauce: Supermarket options are very high in sodium. The only choice was to mix our own.

	Cheese: Mozzarella is the least evil of all the options.

	Toppings: Plain cheese or vegetables are best, but if it's meat you crave, resist pepperoni (too much fat and sodium) and use thinly sliced deli ham.

	Write to Desperation Dinners, c/o United Media, 200 Madison Ave., New York, NY 10016.
	
	4	 whole-grain light English muffins
	1	 (6-ounce) can no-salt-added tomato paste
	½	 teaspoon garlic powder
	½	 teaspoon onion powder
	½	 teaspoon dried Italian seasoning
	½	 cup water
	4	 ounces (1 cup) part-skim mozzarella cheese
	4	 ounces thinly sliced deli ham, chopped
	Preheat oven to 425 F.

	Split and toast English muffins. Place on a baking sheet, cut side up.

	In a small bowl, mix together tomato paste, garlic powder, onion powder, Italian seasoning and water. Spread sauce equally on each muffin half. Top with equal amounts of cheese and ham. Bake 8 minutes or until cheese is bubbly and melted. Makes 4 servings.

	PER SERVING: Calories 253 (24% fat)</body>
	<category></category>
	<tag></tag>
</page>