<?xml version='1.0' encoding='euc-kr'?>
<page>
	<id>13</id>
	<url>http://businesstoday.intoday.in/index.php?issueid=&amp;id=11571&amp;option=com_content&amp;task=view&amp;sectionid=4</url>
	<title>Growth potential strong in emerging markets: Credit Suisse</title>
	<body>Growth potential and a long-term outlook for emerging markets remain structurally intact despite cyclically declining exports and capital outflows, a research report released on Sunday said.

According to Credit Suisse Researchs latest edition of Global Investor, looking forward to an eventual recovery from the current crisis, growth led by domestic factors in emerging markets is set to succeed debt-fuelled US private consumption as the most important driver of global economic growth over coming years.

"The initial direct shock from impaired capital positions of banks on credit availability has generally been lower in emerging markets and external debt levels have declined in recent years.

"Nevertheless, capital flight in a global deleveraging process has put emerging markets under pressure. Despite cyclical difficulties, the long-term fundamental catch-up process and growth drivers for emerging markets remain structurally in place.

Given their substantial long-term growth potential, we expect capital to flow back," the report said. </body>
	<category>Business TodayTop StoriesStory </category>
	<tag></tag>
</page>