<?xml version='1.0' encoding='euc-kr'?>
<page>
	<id>160</id>
	<url>http://www.forbes.com/feeds/ap/2009/06/02/ap6496120.html</url>
	<title>La. House rejects ban on smoking in bars, casinos</title>
	<body>A proposal to ban smoking in bars and gambling facilities was resoundingly defeated Tuesday by the Louisiana House, which embraced arguments of personal freedom over debate about health safety.

	The House vote was 71-29 against the bill, likely dooming its chances for the session despite support for a similar measure in the state Senate.
	In 2007, a law took effect that banned smoking in restaurants, public places, public buildings and most places of employment. The proposal by Rep. Gary Smith, D-Norco, would require bars, casinos, off-track betting facilities and other gambling spots also to become smoke-free.

	Supporters said the bill would protect workers and patrons from health problems tied to secondhand smoke, while also treating bars and casinos the same as restaurants that have been under a smoking ban for two years. Some restaurant owners have complained the smoking ban has cost them business because people can smoke while eating in many bars.

	Smith said that two dozen states have similar bans, and that others were considering them.

	"It's vital to the health of this state that we move in the direction of the rest of the nation, that we protect our employees and we provide a level playing field for our businesses," Smith said, armed with a litany of health statistics and studies about secondhand smoke.

	Opponents said people can choose whether to work at a bar or casino and patrons can choose whether to frequent them.

	"What about the 22 percent of people who do smoke? Where are they going to go to enjoy themselves? What about their freedoms?" said Rep. Reed Henderson, D-Chalmette.

	Others also said a ban could decrease business at casinos and race tracks - and hit Louisiana in the pocketbook by shrinking its gambling tax income - an argument that gambling lobbyists used as they worked to defeat the bill.

	Rep. Karen St. Germain, D-Plaquemine, said any loss of state revenue would be tough because lawmakers already are planning deep budget cuts to health care and higher education.

	"Can we afford to lose those tax revenues?" said Rep. Barbara Norton, D-Shreveport, who represents a city with several riverboat casinos.

	Smith cited statistics from other states that had outlawed smoking at casinos and hadn't seen significant drops in casino patronage and income, but that didn't persuade his colleagues.

	However, the House also refused to roll back the state's current ban on smoking in restaurants. Rep. Jeff Arnold, D-New Orleans, proposed an amendment to allow smoking in casinos, bars and restaurants that hold liquor licenses, but it failed on a 37-48 vote.</body>
	<category></category>
	<tag></tag>
</page>