<?xml version='1.0' encoding='euc-kr'?>
<page>
	<id>62</id>
	<url>http://www.healthinsurancesort.com/blog/2009/05/oxford-health-insurance-gives-employers-quick-reference-guide-for-swine-flu/</url>
	<title>Oxford Health Insurance Gives Employers Quick Reference Guide for Swine Flu</title>
	<body>With the recent US declaration of a public health emergency in response to reports of swine flu, Oxford Health Insurance, owned by UnitedHealthcare, put out a convenient quick reference guide to better understand how to protect yourself and people around you.  View the quick reference guide and if you have any additional questions contact Centers for Disease Control (CDC) website. </body>
	<category></category>
	<tag></tag>
</page>