<?xml version='1.0' encoding='euc-kr'?>
<page>
	<id>44</id>
	<url>http://classifieds.thaivisa.com/miscellaneous/apparel/yamaha-motorcycle-jacket-24473.html</url>
	<title>Yamaha motorcycle jacket</title>
	<body>

    * Category:
    * Apparel

    * Price:
    * 3,500 THB

    * Posted by:
    * Liam

    * Phone number:
    * 0831874016

    * Location:
    * Chiang mai, Chiang Mai

    * Views:
    * 6

    * Expire on:
    * 01/07/2009

    * Reply to this ad

Yamaha riding jacket with removable liner, shoulder and elbow pads, and back protector. It is very cool in warm weather. I bought it for 7500 baht new and haven't used it much. I'm selling it because I'm riding Kawasaki now and can't be seen in Yamaha gear, just too embarrassing.

The jacket is a medium, but it fits more like a large. I've got a good beer gut going on that prevents me from wearing medium anything,but I fit this comfortably. If you want to check the size, they carry this jacket at most Yamaha dealerships (for a lot more money).

Asking 3500 baht or best offer.

Thanks for looking,
Liam</body>
	<category></category>
	<tag></tag>
</page>