<?xml version='1.0' encoding='euc-kr'?>
<page>
	<id>83</id>
	<url>http://www.wilcoblog.com/2009/05/21/website-building-programs/</url>
	<title>Website Building Programs </title>
	<body>When you decide you want to build a website, you may not initially feel you have enough skills to create it yourself. Of course, there are professional companies that will build you a beautiful website with all the latest widgets and links included, but this can be a costly way to go. You may want to try your hand with one of the website building software packages that are on the market today.

One widely used and well-known software package was Microsoft’s Frontpage, an award winning web authoring tool. It has however been discontinued and has been replaced by Office SharePoint Designer 2007 for creating and customizing websites and Expression Web for the professional Web designer. The software package for this program can be downloaded easily from their website and includes many design tools that you can use to customize your website to your needs. Although this program is geared mainly to IT professionals, it takes pride in suggesting that no technical background is required to use the software. It offers convenient task panes and menus to help the user set up a professional website with all the latest bells and whistles.

Another popular website building program is Adobe’s Dreamweaver. It is another leading industry web design and development tool. It allows users to easily design and develop, build and maintain, web applications from start to finish. They offer many layouts for you to work from to easily build your own web pages. And, you do not need to know advanced programming or HTML.

Although those are two of the most popular web building programs out there today, they may tend to be pricer than you want to pay. There are many other less pricy programs that you can get that can suit you just as well. Most of these programs offer many of the same features thatSharePoint Designer 2007 and Dreamweaver offer. They can also offer many templates for you to use as a base from which you can integrate your own ideas for your website into.

A list of a few of the other programs available are:

• EZGenerator
• XsitePro 2
• Virtual Mechanics Site Builder
• Homestead
• Web Studio 4
• Web Easy Professional

Those are just a few of the many programs you can get. There are so many more that offer easy to use tools and great web templates.

The programs are really not difficult to use, even for beginners. They make it easy to create professional looking web pages and you can incorporate all the fancy flashy graphics that you wish. They also allow you to insert links, manipulate text and create a web site that will be in line with what you are trying to say.

Although you can get a professional web designer to set up your website for you, it is a cheaper solution to design your website yourself. With today’s user-friendly tools incorporated into most of the new programs, it is easy for you to do it yourself.

</body>
	<category></category>
	<tag></tag>
</page>