<?xml version='1.0' encoding='euc-kr'?>
<page>
	<id>108</id>
	<url>http://www.canada.com/Women+Connection+lunch+features+shoes/1642771/story.html</url>
	<title>Women's Connection lunch features shoes</title>
	<body>The Comox Valley Women's Connection (Stonecroft Ministries) invites all ladies to the next luncheon. It will be held at the Westerly Hotel on Wednesday, June 3 at 12 p.m. The cost for this luncheon is $14.50.

The feature is "I Love Shoes" with Joanne Bush from the Shoe Warehouse. Caren Hauser will be the musical guest. Linda Fulmore is the speaker. She was born in India, loves to cook and is a bridal consultant. She will speak on "The Story of the Crummiest Romance".

All reservations must be honoured, given to a friend, or cancelled by June 1. Complimentary babysitting is available. Please mention if you need this service when you make your reservation.

The Comox Valley Women's Connection is looking forward to a wonderful afternoon and hope you will join us for this exciting event. Make your reservations by calling Rose at 250-337-5491 or email your reservation to Joan at joanhicks@shaw.ca

The next luncheon is on October 7.
�� Copyright (c) Canwest News Service</body>
	<category></category>
	<tag></tag>
</page>