<?xml version='1.0' encoding='euc-kr'?>
<page>
	<id>47</id>
	<url>http://thaifood.about.com/b/2009/05/30/best-salad-recipe-thai-green-mango-salad.htm</url>
	<title>Best Salad Recipe - Thai Green Mango Salad!</title>
	<body>Voted best salad on my site, this Thai green mango salad truly is one of the most scrumptious salads I've ever tried. And these days there seems to be lots of green mangoes at the stores - so why not pick one or two up and try this delightfully different  Thai green Mango Salad Recipe, step by step - (OR, for a 1-page recipe, see  Thai green Mango Salad Recipe (1-page printable version). This salad is fresh, exotic, and beautiful to serve, plus healthy of course. In fact, most Thai salads are low in fat but very high in taste, allowing you to skimp on calories but never taste satisfaction - in other words, providing plenty of crunch for your munch! Discover a new and tasty way to get your greens!! (photo by D.Schmidt)</body>
	<category># Food &amp; Drink
# Thai Food</category>
	<tag></tag>
</page>