<?xml version='1.0' encoding='euc-kr'?>
<page>
	<id>197</id>
	<url>http://www.htrnews.com/article/20090531/MAN04/905310338/1398</url>
	<title>Reinventing home</title>
	<body>stead of escaping to Door County, Don and Chris Clements decided to turn their Southern Creole-style home on Manitowoc's north side into a retreat.



	They now have an oasis — two, to be precise — with an addition above their three-car garage and a completely remodeled basement.

	"The addition has a completely different feel from the rest of the house. There's a studio for me and an office for Don," said Chris, an artist. "Between the two is a small gallery to display art. The basement has been completely refigured. It doesn't feel like a basement."

	They use the lower level every day to watch TV, listen to music, use the exercise room or play pool — and they have more storage than ever before.

	"Coming down here is a real escape," Don said.

	The work was done by Jim Reif Builders of Francis Creek, which was presented with 2008 Wisconsin Builders Association Remodeling awards for Room Additions over $75,000 and in the Finish Basement categories for the two jobs.

	These are the last two phases of a five-phase remodeling project, which involved the entire home and was three years in the making, Don said.

	"It was a matter of taking ideas — some of them were conceptual ideas — and molding them into an actual finished product," Jim Reif said. "We customized it to their lifestyle and put a lot of art into it. We do projects big and small so we don't get intimidated by it."

	Chris approached the project with an artist's eye: "To me, the house is like a blank canvas."

	The addition is impressive from the outside, with its carriage-style garage doors and cupola, which lights up at night and allows light into the room below during the day.

	Inside, visitors are given a hint of what's to come at the foot of the stairs leading to the new upstairs rooms. The floor features an inlaid tile design by Eric Wergin of Etched in Stone in Manitowoc, complementing the abstract contemporary design of the light fixture above the stairs.

	The gallery between the two upstairs rooms features a floor mosaic that echoes the cupola opening above it. Two niches, one decoratively tiled, offer space to display art.

	The glass on the doors leading to the rooms was made by The Glass Haus of Green Bay using copyrighted designs, whose molds were destroyed once the doors were completed.

	The door to Chris' art studio features lyrics from Bruce Springsteen's "Long Time Coming," which echo her sentiments about her home. The room inside is painted a warm Arizona sunset and features plenty of storage and workspace.

	Don's door depicts the Empire State Building and hints at the art deco décor inside. The room, done in silver, black and turquoise, features an art deco medallion, handcrafted by Bryan Imhoff, lead trim carpenter for Jim Reif, surrounding the light fixture. There also are custom-made wooden moldings, a table and bookshelves, and a glass block window allowing in daylight from an exterior window.

	The wood in the office was done to match the color and style of Don's desk, which is from Mayline Group of Sheboygan, where he is vice president of sales.

	A lighted display case houses his "Big Game Hunting" book, autographed by Theodore Roosevelt, a 30th wedding anniversary gift from his wife four years ago.

	In the lower level of the home, more tile work and glass blocks catch the eye. Wood columns cleverly disguise round metal posts, and the flooring is made from bamboo, a renewable resource.

	The bathroom has been moved for more privacy and there's a room dedicated just to cookbooks.

	The media room features a tray ceiling with accent rope lighting concealed in the custom molding.

	In addition to the exercise room, an arts and crafts-style pool table area and a reconfigured storage space, there is a refreshment bar featuring an ice machine, wine cooler, cappuccino machine, microwave oven, dishwasher and beverage center.

	Tom Arndt, manager of design and estimating, created the design for the entire project and worked closely with the couple to complete the details.

	"They gave me a seed of an idea and we made that seed blossom to the final product," he said.

	Others who helped make the dream a reality include Schnell Electric of St. Nazianz, Dan's Plumbing of Francis Creek, Valders Building Supply, Fuhrmann Heating and Cooling Inc. of Brillion, Oak Ridge Custom Cabintes of Green Bay and Ralph's Hardwood Floors of Black Creek.

	"It's great for entertaining," Don said of the lower level. "As we've added more space, we use the space more. We use the space more because each element is more functional."

	"It's dedicated space," Chris said. "Depending on what we want to do, now there's a space for it."</body>
	<category></category>
	<tag></tag>
</page>