<?xml version='1.0' encoding='euc-kr'?>
<page>
	<id>191</id>
	<url>http://www.vancouversun.com/business/Vancouver+outerwear+firm+weathers+economic+storm/1634281/story.html</url>
	<title>Vancouver outerwear firm weathers the economic storm</title>
	<body>Arc'teryx continues to grow during recession by remaining true to its brand and selling to different markets around the world
		Vancouver-based Arc'teryx is a bit of an anomaly in the business world.

		While many companies have production facilities overseas, this manufacturer of outdoor soft goods has kept the bulk of its production operations in Canada.

		It also continues to grow despite the recessionary market.

		According to Tom Duguid, director of brand marketing, it all started in 1989 when founder Dave Lane and his wife began producing climbing harnesses on their sewing machine at home and selling items through local retail stores.

		By 1992, Arc'teryx had grown to a staff of eight working out of a small production facility in Vancouver. Seven years later, it relocated to a 30,000-sq.-ft. manufacturing, design and distribution facility.

		Today Arc'teryx has 420 employees and sells more than 300 products to 40 countries.

		"When [Mountain Equipment Co-op] started carrying our climbing gear in the 1990s, that became a big part of our Canadian distribution," Duguid says. "Then our work in backpack technology gave us a big boost and brought us to international markets."

		However, it was its line of outerwear launched in 1997 that really created traction for the company, he says. "That really took off and quickly became our major seller. It probably accounts for 75 per cent of sales at this point."

		The company has managed to track double digit growth since it started, with the exception of one year when a fabric supplier fell short of the mark.

		"Every other year we've been above 15 per cent growth and had quite a few over 20 per cent," Duguid says.

		"It's slowed down a bit these days, but we're still in a growth curve."

		Even with retail markets being hit by the recession, he says, the Arc'teryx brand is holding strong.

		"The big difference for us is being authentic to what we've started, which is creating innovative, high-quality products," Duguid said.

		"We have not strayed one iota from that. So we have a lot of brand momentum to push us through the recession with very little downside."

		This proves the importance of staying true to your branding during challenging times, says Glenda Rissman, a partner with q30 design inc. in Toronto.

		"Shifting your branding could send a signal to your audience, and the recession is not the time to be doing that. If your business tactics aren't changing, then you need to stay the course. Those that do will come out of the recession much quicker than those that don't."

		Having a global presence also means Arc'teryx is able to balance out weaker with stronger markets, Duguid says.

		"Different markets create different opportunities for us, and some parts of the world are doing better than others. For example, Japan is now going ballistic for our stuff, so that's helping us ride things out."

		Since 2005, Arc'teryx has also been developing products for alternative markets, such as law enforcement and the armed forces.

		Whatever the economic climate, the company always runs lean and keeps innovation close to home, Duguid says. "From the [start] we have created processes and ways of doing things that would save us money through hard times. We've always streamlined as much as possible."

		"Just because your company is in a good position, it doesn't mean you shouldn't manage your overhead well," says Christianne Paris, vice-president, client and business strategy, for RBC in Toronto.

		"Then when times get tough, it's a great time to strengthen your reputation and continue to build the value of your brand."

		Duguid says that having his factory in Vancouver is a big plus when it comes to product innovation.

		"Our design team can go and test things on the line right away and make changes as we need to without waiting for product to be made and shipped from across the Pacific. While we can solve a problem in a day or two, competitors would take months."

		Some of the high-speed innovations coming out of Arc'teryx include watertight urethane-coated zippers, a fleece that looks and performs like wool, new gluing technology to replace seams, and breathable soft-shell fabrics.

		For Arc'teryx, it's all about sticking with what they do best, Duguid says.

		"We have always stayed the course and maintained our focus on what we do well, while staying true to what customers think we are."</body>
	<category></category>
	<tag></tag>
</page>