<?xml version='1.0' encoding='euc-kr'?>
<page>
	<id>96</id>
	<url>http://www.outlawdesignblog.com/2009/50-custom-mac-desktop-screenshots/</url>
	<title>50 Custom Mac Desktop Screenshots</title>
	<body>Maybe it is because I am new to Macs, but I had no idea of the extreme customizing options that they had to offer. With just a few tools and additional apps there are all sorts of cool things you can do to create a more custom look and feel to your Mac Desktop and operating system. Today I started browsing the web for some inspiration on how to customize my own Mac desktop. Below are some of the really cool customized desktops that I found. If any of them seem a bit sub par, be sure to click the link to examine all the little details.

</body>
	<category></category>
	<tag></tag>
</page>