<?xml version='1.0' encoding='euc-kr'?>
<page>
	<id>118</id>
	<url>http://www.thenewsstar.com/article/20090531/LIFESTYLE/905300327</url>
	<title>William C. Deese makes chemistry into a show</title>
	<body>Taking his queue from the film 'Dead Poets Society,' William C. Deese makes chemistry entertaining

By Lance Traweek ? ltraweek@thenewsstar.com ? May 31, 2009

    * Post a Comment
    * Recommend(2)
    * Print this page
    * E-mail this article
    * Share
          o Del.icio.us
          o Facebook
          o Digg
          o Reddit
          o Newsvine
          o Buzz up!
          o Twitter
    * What��s this?

William C. Deese, chemistry professor at Louisiana Tech University, was the featured speaker at the national meeting of the National Science Teachers Association in the spring at the Morial Convention Center in New Orleans.
Advertisement

The Tech professor's presentation pointed out several gases and demonstrated many of their properties. Deese's presentation was titled "The Dead Chemists Society Presents: It's A Gas, Gas, Gas,"

"In summer 1989, I was leading a program for high school chemistry teachers, the same summer that 'Dead Poets Society' was in theaters," he said. "Many of the teachers had seen the movie and one day I stood on top of the lecture bench and bounced lacrosse balls off the tabletop to mimic the behavior of gas molecules."

Deese, who has presented numerous demonstration programs at science conventions throughout the United States, Canada and Mexico, said many of the teachers recognized his portrayal of the poetry teacher played in the movie by Robin Williams.

"We all related to his character and his teaching style," Deese said. "From that day on, our summer institute took on a feel of the classroom in that movie."

Cathi Cox, Project ACHIEVE coordinator for Lincoln Parish schools, has played a vital role in Deese's success for 20 years.

"I'm an original member of the Dead Chemists Society that began that summer in 1989 when a group of 20 high school teachers spent eight weeks with (Deese)," she said. "(He) and I have been doing the show ever since."

She attended the NSTA in New Orleans with Deese.

"I can honestly tell you that there's never a 'bad' show," Cox said. "Bill's just that good and the presentation is really integrated well with just enough entertainment and sensory stimulation to give the educational message the punch it needs to keep it from being dry."

She added that Deese is talented in many ways, and that he is never afraid to incorporate these talents in the professional world.

"His juggling and love for performance enables him to include those things in his classes as well as our Dead Chemists gigs ? you can hear a pin drop as he discusses the behavior of molecules as represented by juggling props," she said. "That's one of things that has made him so incredibly successful as an instructor and presenter ? he recognizes the fact that the nano/abstract world is so difficult for so many to fully grasp, and he's willing to bring it into a more macro-concrete environment where you can almost get your hands on it."</body>
	<category></category>
	<tag></tag>
</page>