<?xml version='1.0' encoding='euc-kr'?>
<page>
	<id>170</id>
	<url>http://www.news8.net/news/stories/0609/628406.html</url>
	<title>Dominion Donates Employee Theme Park Fund to Free Health Care Clinics</title>
	<body>RLINGTON, Va. - Dominion Resources is donating $1 million to free health clinics, to help ease the burden of health care costs. 

	The utility company is donating the money to more than 100 clinics nationwide. Arlington Free Clinic received $20,000 and both volunteers and patients were on hand to welcome the much-needed assistance. 

	Marlene Alvarez is no stranger to the clinic. When her husband lost his job five years ago, the mother of three came to the non-profit for a regular check-up, but there was nothing regular about her visit. 


	"When I came here, they give me a class for a breast examination and I discovered I had a lump." 

	Alvarez was a stage three breast cancer patient. Without any health insurance, she relied on the free clinic for help. 

	"Cancer, you know the first words, you come in, you think you going to die, because you don't have insurance, and what happen without insurance, you don't have anything." 

	About 17,000 Arlington residents are also living without health insurance. With the down economy, the free clinic is experiencing a spike in patient demand. 

	"In December we had about 45-50 patients who tried to become patients of the clinic. In May we had 115, so it's really huge." 

	To help meet that demand, and others across the country, Dominion Power made a big donation. 

	"These funds had been originally set aside for employee events at theme parks. But once we began to realize the extent of the economic crisis around us, we thought it'd be appropriate to redirect those funds to the free clinics," said Bill Hall, Dominion Power president. 

	"This is a miracle for a lot of people and you can see it in the eyes of the different people when they're in the waiting room. They feel with hope," said Alvarez. 

	The Arlington Free Clinic plans to spend the donation on immediate operational costs. The clinic is now at a new location in Arlington. Employees will celebrate the clinic's grand opening June 18th. Visit Arlington Free Clinic website</body>
	<category></category>
	<tag>health care, clinic, dominion, donate</tag>
</page>