<?xml version='1.0' encoding='euc-kr'?>
<page>
	<id>57</id>
	<url>http://powerboat.about.com/b/2009/05/27/inspect-your-boating-safety-equipment.htm</url>
	<title>Inspect Your Boating Safety Equipment</title>
	<body>Recently, a very good friend of mine who is a boat owner had his boat inspected by the Coast Guard in preparation for a license. This was not the friendly vessel safety checks done by the Coast Guard Auxiliary, but a rigorous inspection to check for seaworthiness and that the required safety equipment was on board and in good condition.

He passed with flying colors, all except one thing: he had expired flares. Apparently, the Coast Guard chewed into him. I applauded them, and he agreed. He knew that he allowed one very important thing to escape his notice.

Don't let it escape yours. While it's doubtful the Coast Guard will be standing over your shoulder pointing out faults aboard your boat, you never know when you may be boarded by the Coast Guard for an impromptu safety inspection. More importantly, you never know when you are going to need that safety equipment.

As part of your launch plan, review the federal boating laws and the required safety equipment for your size boat and be sure you have it aboard. Next, inspect your equipment for expiration dates and that it works properly. This includes but is not limited to: inspecting PFDs for wear and tear, ensuring your fire extinguishers are fully charged, flares are not expired, your sound producing device produces adequate sound, and navigation lights aren't burned out. If a piece of equipment is not serviceable, either repair or replace it.</body>
	<category># Sports
# Powerboating</category>
	<tag></tag>
</page>