<?xml version='1.0' encoding='euc-kr'?>
<page>
	<id>195</id>
	<url>http://www.nytimes.com/2009/06/02/arts/dance/02paci.html</url>
	<title>Sense of Place vs. Sense of Time in a Robbins Masterpiece in Seattle</title>
	<body>SEATTLE — It’s 40 years since Jerome Robbins created “Dances at a Gathering” for New York City Ballet; the premiere was May 22, 1969. It at once became a classic: I remember, from watching both City Ballet and the Royal Ballet perform it during its first 10 years, the deep emotion it generated and how remarkable it seemed as dance and theater.
		Today I find the work’s fascination only deepens. Watching Pacific Northwest Ballet’s beautifully danced new production last weekend at McCaw Hall here — staged by Susan Hendl and Ben Huys — I felt more than ever the many layers of Robbins’s achievement.

		The basis, surely, is his choice of — and response to — Chopin music. Robbins’s dances answer the music — sensitively played here by the pianist Allan Dameron — in an often impressionistic, indeed highly fragmented way: the people onstage (each wearing a different color) seem to hear it as an undercurrent or an atmosphere that they sometimes resist.

		Fragmentation was a central feature of musical Romanticism; Robbins brings this to the surface. The stage action makes us notice how often these Chopin pieces feature sudden changes of tone, isolated chords and half-phrases without momentum, interrupting pauses and apparent contradictions. The ballet makes us feel these things in complex human terms: sometimes, as Chopin seems to be hearing his own Poland in rags and patches, the dance suggests people revisiting a Poland of the past, sketching in mazurka steps, haunted by a sense of place that clashes with a sense of time.

		This Seattle production is part of a Director’s Choice evening, and Pacific Northwest’s artistic director, Peter Boal, as part of an eloquent “Director’s Notebook” in the program, recalls how Robbins rehearsed him and two other young dancers as the man in brown: “He filled our heads with images of the aging war veterans returning to the beaches of Normandy, or the adult’s first return to the childhood playground.”

		Certainly the themes of memory and lost time pervade “Dances at a Gathering.” Yet the memories themselves seem fragmented: a collage.

		The most audacious feature of the work is its structure in time. There are 10 dancers, one of whom only arrives halfway through. We never see more than six at any time until the final Nocturne, and we keep seeing those six in different combinations. The woman in pink has an intimate duet with the man in purple, then one with the man in brown; in each case they already know each other.

		Some lifts in a later sextet specifically recall those of a previous one, and yet now these aren’t all the same six characters. Or a strikingly individual lift or step in one duet will recall a lift or step in an earlier one, performed by quite different people. Such constructions make us wonder about our own memory of the earlier dances: “Did I remember that right?”

		And this becomes part of the texture of “Dances at a Gathering,” where so much is specific but nebulous, intimate but shattered. Now the dances seem to be recalling the past, now they’re embodying it. Here we’re in their world, here we’re at one or two removes from it.

		All of this became unusually engrossing in Pacific Northwest’s performances because of the dancers’ exceptionally keen musical delivery. Impressively, the company could field almost two complete casts (a short-term injury to Carla Körbes meant that Mara Vinson danced the woman in mauve in both teams, excellently), all of whom — as so often happens in this ballet — seemed to have acquired new kinds of naturalness and spontaneity.

		Lucien Postlewaite and James Moore each played the brown man — who does most to establish the ballet’s effects of distance — with perfect focus and phrasing. I have never known Miranda Weese more eloquently musical than as the woman in green: timing and phrasing, gesture, dance and rhythm all coalesced beautifully. Kaori Nakamura (pink), Chalnessa Eames and Jodie Thomas (apricot), Seth Orza (purple), Jonathan Porretta and Benjamin Griffiths (brick) were all remarkable.

		Audiences everywhere love Christopher Wheeldon’s “After the Rain pas de deux” (to Arvo Part music), the second ballet on the program. I can’t believe in it however. Though I appreciate its legato flow, its timing, its general mood of erotic openness and trust, its partnering is overladen with big effects. All three casts I caught won ovations. Louise Nadeau did more than anyone I have seen to sustain its mood, though Jeffrey Stanton, partnering her powerfully, does not have the firm waistline that this bare-chested role calls for.</body>
	<category></category>
	<tag></tag>
</page>