<?xml version='1.0' encoding='euc-kr'?>
<page>
	<id>102</id>
	<url>http://www.pittsburghlive.com/x/pittsburghtrib/sports/penguins/s_627743.html</url>
	<title>Pittsburgh essay winners secure Penguins tickets</title>
	<body>Sarah Rady "freaked out" when Mayor Luke Ravenstahl called her Monday evening with news that she and five other children who entered an essay contest scored free tickets to cheer on the Penguins in the Stanley Cup Final.

"As soon as I got off the phone with the mayor, I called five or six friends," said Rady, 14, of Greenfield. "I couldn't sit down. I was running around the house screaming."

Children ages 10 to 14 submitted hundreds of essays via e-mail, fax and hand-delivery on the theme of "Why I'm proud to be from Pittsburgh." The contest, announced Friday, limited writers to 87 words in honor of captain Sidney Crosby's jersey number.

Ravenstahl, 29, of Summer Hill, originally had planned to escort four contest winners to Games 3 and 4 of the Stanley Cup Final at Mellon Arena this week, but he upped the number to six.

"There were so many great entries that I decided to pick six winners," Ravenstahl said in a statement after he called each winner last night to offer congratulations.

"He just said, 'You won a Penguins ticket, and you get to come with me to the game.' And I said, 'Are you serious?' I was kind of at a loss for words," said Paige Meyer, 13, of Carrick, a seventh-grader at South Brook Middle School.

Meyer wrote that three things made her proud to be from Pittsburgh: the city's three major-league sports teams; the Pittsburgh Promise, a city schools college scholarship program; and the Pittsburgh Fallen Heroes Fund, a charity created to help the families of three city police officers killed in the line of duty.

"I think it was a really generous and an excellent idea," said Anne McInerney, the mother of contest winner Michael McInerney, 13, of Squirrel Hill.

McInerney, a seventh-grader at St. Bede School in Point Breeze, wrote a poem instead of an essay that said, in part, "Our teams strive to be first and not last ... and our schools and hospitals are world-class."

"I think it's awesome," McInerney said. "My family would never be able to afford going to the Stanley Cup Final, let alone go with the mayor."

The other three winners of the contest are Ashley Suchy, Noah Khorey and Kelsi Rae Meade. No ages and neighborhoods were given.

Meyer, McInerney and Suchy will go to tonight's game. Khorey, Meade and Rady will go to Thursday's game. The city-county Sports &amp; Exhibition Authority supplied the free tickets.

Rady, an admirer of winger Ruslan Fedotenko, said she has never been to a Penguins game, but she did endure a rainy evening in front of Mellon Arena's big screen with her mother and cousin to watch a playoff game against the Carolina Hurricanes.

"I put in my essay that I would love to see what it's like on the inside of Mellon Arena for an intense game," she said.</body>
	<category></category>
	<tag></tag>
</page>