<?xml version='1.0' encoding='euc-kr'?>
<page>
	<id>193</id>
	<url>http://www.ubergizmo.com/15/archives/2009/06/miffy_mp3_player_set_to_melt_hearts.html</url>
	<title>Miffy MP3 Player Set To Melt Hearts</title>
	<body>If you have a penchant for everything cute, then the Miffy MP3 player from Mobiblu ought to tug at your heartstrings. Not only does it look like a long lost cousin of Max from the Sam &amp; Max series, it even comes with its own cute cradle that features a color-coordinated flat house.</body>
	<category></category>
	<tag></tag>
</page>