<?xml version='1.0' encoding='euc-kr'?>
<page>
	<id>15</id>
	<url>http://raw.channelfrederator.com/profiles/blogs/group-pop-art-group-show-in</url>
	<title>Group POP art group show in Los Angeles,July 18th,2009.</title>
	<body>Hi all, so a bunch of artists and I are working on our art show. It's Called "Mawnstirrs and Rowboughts" aka, "Monsters and ROBOTS" I hope I can get you all excited about it starting now. We'll be updating up until the day of the show. It's more of an art party! The show will only be up for one day for it's debut. (on july 18, 2009 in "the church" building check out : http://www.myspace.com/laindybazaar for directions and pics of the place.)
We will be moving the show to as many galleries as we can this year, month after month. We plan on being a traveling art show. We have galleries already interested in having us after the debut.
We're mostly local LA artists, but I do have several out of town friends submitting. It's gonna be great, please check us out and stay tuned in! You can also email me at leftyjoetorres@gmail.com to start bidding on the art work. I'll keep track of who pre-buys what piece. And i'll moderate the bidding wars for each piece. :) (I'm the curator of the show by the way, along with my girl-bestfriend Chloe "PandaMontana" Akana, co-curator)

Here's the link to the blog where all of us are blogging our development and progress.

http://mawnstirrsandrowboughts.blogspot.com/ </body>
	<category></category>
	<tag></tag>
</page>