<?xml version='1.0' encoding='euc-kr'?>
<page>
	<id>36</id>
	<url>http://www.free-articles-zone.com/article/263923/Enhance%20the%20Joy%20of%20Vacations%20with%20Cheap%20Hotels</url>
	<title>Enhance the Joy of Vacations with Cheap Hotels</title>
	<body>Whenever we plan to go out for a tour or a holiday trip or for some important work, we look towards hotels and that too cheap hotels. Every city has some big or small hotels and also some costly or cheap ones and the holiday goers select those they like. These hotels have facilities according to their price. The facilities include A.C., geyser, T.V., attendant, etc. One has to make the choice by looking at them, they need. Hotels charge for them accordingly. People looking for A.C. in their rooms pay a bit more than those going for rooms without A.C. Further, if one wants a T.V. in his or her room, pays more than those without them and again if those T.Vs come with cable connection hotels charge much more. Costs of hotels can also vary with the time when you are planning your trip. For example, if you plan your trip in the weekends you may have to pay more than those planned in the weekdays. Or to better say, summer trips in a cold region can be costlier than the ones in warmer regions.

In these modern times, such cheap hotels are not so easy to be found but it is still easy if one knows where to look for them. Difficulties in finding them start with the day your plan to go for holiday starts. Problems like finding phone numbers, addresses are big problems for the trip goers. After getting one contact detail, an individual can get in contact with the hotel and enquire about the costs for the rooms and make his choice thinking if it suits to the pocket or not. Even if the person doesn't go to that particular hotel, the hotel manager will always feel happy to give those information. Internet is one of the best sources, from where you can get the information about them. You only have to make a little search and you can get the hotel of your dream. Apart from it, the information can be got from the newspapers ads as well.

A few of the hotels also include special offers for the people who book the room, especially for those, who book through Internet booking system. Yes, one can also book hotels from their homes through the Internet as he/she plans his/her holiday and here you may enjoy the special offers provided. Moreover, if you want cheap hotels you should plan early as the hotel prices go up with the holidays coming nearer. Cheap hotels are always their for you if you look for them properly. One should always try all the options available to search cheap accommodation.

It is not that cheap hotels won't give you enough pleasure; they may even sometimes provide better facilities. So, if you want to save every penny with complete enjoyment of your holiday, you should start your search for a cheap accommodation early. This will surely give you maximum joy!

About the author:
Andrew J Peterson is a professional writer, presently working for online shopping community store. He is writing on various products and services to distinguish price comparison on cheap mobile Phones, Contract Mobile Phones, Latest Mobile Phones, broadband providers, Wireless Broadband, Home Broadband, Cheap Hotels and many others.
cheap hotels

Article Source: http://www.Free-Articles-Zone.com </body>
	<category>Travel   >>  Hotels</category>
	<tag>cheap hotels,  Home Broadband </tag>
</page>