<?xml version='1.0' encoding='euc-kr'?>
<page>
	<id>91</id>
	<url>http://joyfulnotemusic.blogspot.com/2009/06/letter-of-complaint-for-non-compliance.html</url>
	<title>Letter of Complaint for Non-Compliance</title>
	<body>This is a formal uniform letter of complaint against the Buellton School District for intended non-compliance of the education requirements of the State of California. I am filing this complaint on the basis that the district will be in in violation of state law at the conclusion of this school year by not providing music and/or fine arts classes as per required in the California Educational Code. 
Specifically, Section 51210 of the California Ed. Code States that "The adopted course of study beginning in grade 1 and continuing through grade 6 inclusive shall include instruction in the following areas of study: . . .(e) including Visual and performing arts, instruction in the subjects of dance, music, theatre, and visual arts, aimed at the development of aesthetic appreciation and the skills of creative expression." 
Additionally, Section 51220 of the California Ed. Code States that: "The adopted course of study for grades 7 to 12, inclusive, shall offer courses in the following areas of study:. . .(g) Visual and performing arts, including dance, music, theater,and visual arts, with emphasis upon development of aesthetic appreciation and the skills of creative expression."

Additionally, Education Code �� 51014 states that "Course of study" means the "planned content of a series of classes, courses, subjects, studies, or related activities".

It is my allegation that by eliminating myself as the only credentialed music teacher on site, and because of that eliminating all music classes at both schools, the district is reducing music and/or arts classes to a level below the code-mandated level which is required by state law, and is therefore in violation of the State Education Code.

In addition, the Buellton School district is in violation of the Williams Act which requires equity and access for all students to curriculum and materials which are required by state law, and provided by a teacher credentialed in that subject matter. 


Since at the current time, no music classes are planned for next year, I am submitting this uniform letter of complaint stating that the District is presently not in compliance with the State Ed. Code.


</body>
	<category></category>
	<tag></tag>
</page>