<?xml version='1.0' encoding='euc-kr'?>
<page>
	<id>162</id>
	<url>http://www.milforddailynews.com/news/x138098539/Garden-brings-hope</url>
	<title>Garden brings hope</title>
	<body>Joyce Pickett received a message of hope yesterday from a group of people who share her passion for gardening.

	Hope in Bloom, an organization that plants gardens for people with breast cancer, gave Pickett a garden that will "give her peace," she said.

	Pickett was diagnosed with breast cancer in November 2007, and has since had a double mastectomy. Pickett is still receiving treatment, she said, but is "doing a lot better."

	She describes the time after she found out about the cancer as "hell."

	"I was nervous and scared, you hear about it and read about it all the time and you never think it'll happen to you," she said. "I never drank, I never smoked, I never did anything. I was in denial - and am even now that I'm in treatment ... I can't believe it."

	Pickett, a health care aide, says it is "horrible" when people have to care for her.

	"I felt so uncomfortable getting a bath from my sister," Pickett said. "She saw me naked. I cried my heart out and she said, 'stop that.' At that moment, I felt like that was the worst."

	Treatment has taken a toll on Pickett's energy, she said.

	"It's hard to clean my house, I do one thing a day," she said. "It takes so much energy. There were days I didn't want to get dressed."

	But throughout all the tough times, her family has been there for her, she said.

	"My brother drove me to the doctor in Worcester every time," she said. "He said to me, 'you are my little sister. I'm going to take care of you.' I'll never forget that. And to think, I hated him growing up."
	
	Pickett's new garden will provide a nice place for her to relax, she said.

	"I love to sit outside in the yard," she said. "There is a rose bush on the other side of the house I love to sit near and look at the beautiful roses."

	Pickett's brother, Joe Wright, said his sister deserves the garden.

	"She's a good person, always looks out for people. She's a fighter," he said. "She'll love it. This is amazing to me that there are people who do this. I admire them for all their work."

	Roberta Hershon, founder of Hope in Bloom, said she started the organization after she lost a friend to breast cancer.

	"She had a garden and always perked up every time she walked outside," she said. "Everyone is happy in a garden, plants make you feel alive ... it improves your quality of life. It's a simple, magical place."

	Pickett's niece applied for the garden on behalf of her aunt in March 2008, Hershon said. There are about 100 people still in line for gardens, she said.

	"Each garden costs about $1,500 to $3,000, and we depend on private donations," she said. "The labor and design is free but the supplies cost money. The only thing that limits us is money."

	Each garden is designed specifically to match the lifestyle of the recipient, Hershon said.

	"We look at what they can take care of," she said. "It will give her incentive to say, 'I'm going to go work in the garden today.' It's just a nice thing."

	Pickett said every day is a blessing.

	"It meant a lot before, but it means a lot now," she said. "Sometimes I have a hard time looking in the mirror, but it could be worse. You have to be positive."

	To make a donation, volunteer or apply for a garden, go to www.hopeinbloom.org or call 781-381-3597. Tax-deductible donations may also be mailed to 202 Bussey St., Dedham, MA 02026-2512.

	Krista Perry can be reached at kperry@cnc.com or 508-634-7546.</body>
	<category></category>
	<tag></tag>
</page>