<?xml version='1.0' encoding='euc-kr'?>
<page>
	<id>150</id>
	<url>http://www.gamedaily.com/games/modern-warfare-2/xbox-360/game-features/modern-warfare-2-gets-snowy/</url>
	<title>Modern Warfare 2 Gets Snowy (XB360) Big guns, big explosions and big bonuses highlight the game's first public showing. </title>
	<body>

During Microsoft's Xbox Conference today, Infinity Ward's Jason West and Vince Zampella took to stage to show off the highly anticipated Modern Warfare 2. While the first part of the trailer is the one that the company recently released, this was an extended trailer that showed off combat footage that took place on snowmobiles and a rescue event where a chopper is pulling you up from a large hole in a building at a high rate of speeds with explosions around you.

Chilly scene, hot gameplay.

Once the trailer was done, the duo ditched the speeches and hopped right into a snow scene demo from the game called "Cliffhanger." Beginning as you follow a fellow soldier up a sheer ice face, you use ice axes to pull yourself upwards as you watch the ice barely hold you above the fall below. After following the soldier as he jumps into the mist, you start to slide down, digging hooks into the ice frantically, saved at the last minute by the other soldier.


After getting over the cliff, the real action began. Armed with a heavy rifle with what looked like a motion sensor, used to take out enemies behind bunkers or, like you, using the light snow and mist to hide. Finding a fuel truck, he blew that up on the nearby airfield to start the ammo party. Eventually, you gain control of a snowmobile and continue the combat over snow, ice and gunpowder. While we were unable to see how the controls were laid out, the demoer drove the snowmobile while capping enemies... not exactly easy.

Graphically, the game looked stellar, as one would expect based on the game's lineage with the Call of Duty series. Players can look forward to the game when it releases on November 10, 2009. As an added bonus, Xbox Live members will be the first to gain access to the first two map packs for Modern Warfare 2.
</body>
	<category></category>
	<tag></tag>
</page>