<?xml version='1.0' encoding='euc-kr'?>
<page>
	<id>72</id>
	<url>http://www.geekologie.com/2009/06/boom_shacka_lacka_the_new_psp.php</url>
	<title>Boom Shacka Lacka!: The New PSP Go</title>
	<body>This is the new PSP. It's called the PSP Go. You know, because it's portable. It may or may not come preloaded with porn. Specs? I has them:

* 3.8-inch display (resolution is undisclosed)
* 43 percent lighter than the PSP-3000
* 16GB of Flash storage
* Bluetooth built-in; supports handset tethering and BT headsets
* No UMD drive
* Memory Stick Micro slot
* New Gran Turismo, Little Big Planet and new Metal Gear Solid (!) on the way
* Full PlayStation Network support (movie and TV rentals / purchases)
* Integration with PlayStation 3 (works the same as the PSP-3000 does)
* Sony views each of its products as "10-year lifecycle products," so the PSP "needs to live on."

Well, what do you think? I like the sliding feature, that's not necessary. Also, PSP Go -- really? I hope nobody got paid to come up with that. Because it's stupid. I would have gone with PSP You Can Take It With You.

Sony's PSP Go leaks out before E3, is obviously a go [engadget]

Thanks to obi jwan and Rik, who don't need portable gaming devices because they only play mind games.

</body>
	<category></category>
	<tag></tag>
</page>