<?xml version='1.0' encoding='euc-kr'?>
<page>
	<id>128</id>
	<url>http://www.people.com/people/article/0,,20282506,00.html</url>
	<title>PHOTO: Kate Gosselin Hits the Beach ? in a Bikini!</title>
	<body>Kate Gosselin and her children escaped to the beach on Bald Head Island, N.C. for a little getaway, but the reality star wasn't exactly escaping from the cameras!

Showing off her body in an orange bikini, the reality star and her eight kids stayed in a beachfront house and played at the Bald Head Island Club pool, a source tells PEOPLE. The family (sans Jon Gosselin) also enjoyed dinner at Ebb and Flow restaurant during their retreat.

According to local resident Brittani Reynolds, the Gosselin family was far from incognito during the getaway. Sporting big sunglasses, Kate "looked like a movie star," Reynolds told PEOPLE. "She had a manicure and looked like she takes care of herself." Added Reynolds: "She actually seemed to be in a good mood; she was making jokes with everyone."
? Brian Orloff</body>
	<category></category>
	<tag></tag>
</page>