<?xml version='1.0' encoding='euc-kr'?>
<page>
	<id>84</id>
	<url>http://www.techmixer.com/free-windows-ram-booster-software-to-boost-computer-memory/</url>
	<title>Free Windows RAM Booster Software To Boost Computer Memory</title>
	<body>Lacking of RAM memory resource on your Windows, Here is a list of free Windows RAM booster software to boost or speeding up your computer memory resources instantly. As Random access memory (RAM) is an important computer component determine the computer processing performance fast or not. Even a Windows user equipped with 1GB ram or 2GB on computer or laptop also can’t guarantee your computer processing is fast.

So, Windows Ram Booster tools is the tools to free up computer RAM memory that blocked or leaking by programs. Plus more, let your PC run smoother and faster, and you won’t have to reboot as often. Over here, i have list of best free Windows RAM booster to free up or boost your computer memory resources.

Free Windows RAM Booster to boost computer memory resources:
MZ Ram Booster - Free Windows Ram Optimizer Utility Tool 


MZ Ram Booster, a Windows ram optimizer utility that increase or boost up computer ram performance by auto recovering RAM and fine tuning some Windows system settings. You can have memory performance without spending on hardware tweaks and expensive applications. Plus more, it will recovers computer memory from processes that are not in use, and unload DLLs that are not used.

More Details: Download Mz RAM Booster

Ram Booster - Free Simple RAM Booster


RAMBooster is a free RAM memory utility that optimizes how your computer uses its RAM, working to keep as much free as possible. On Version 2.0, the RAM Booster always minimizes to the tray instead of taskbar or tray. Plus more, it can supports RAM up to 9999 MB for RAM optimization and decreases the cpu usage which will again increase more speed in processing tasks.

Download Ram Booster-Free Simple RAM Booster

Free Ram XP Pro - Free Windows RAM Booster Utility


FreeRAM XP Pro is a free Memory RAM utility that tries to keep your memory from being consumed by a system full of hungry programs. This free RAM utility program wills optimizes how apps use memory, forcing them to use the minimum required and leaving as much as possible free for other programs. It seemed to be more intelligent than Windows in keeping memory free. In addition, the ability to free up large chunks of memory is useful if you are going to be running a program that needs it (a feature Free RAM XP Pro calls AutoFree).

Download Free RAM XP Pro

If your computer is slow due to high usage of RAM fitted, try above free RAM booster. Surely will improve your computer processing power.

</body>
	<category> Software » Freeware » Free Windows RAM Booster Software To Boost Computer Memory</category>
	<tag></tag>
</page>