<?xml version='1.0' encoding='euc-kr'?>
<page>
	<id>67</id>
	<url>http://www.everyjoe.com/articles/gameon-is-your-video-games-storage-monster/</url>
	<title>GameOn Is Your Video Games Storage Monster</title>
	<body>It��s not a surprise that a gamer has many games, gaming consoles, controllers and accessories that are not organized in an orderly manner. GameOn has heard us and has provided the lazy video games fanboy or ger the perfect way to bring order and end chaos.

gameon

The GameOn line by Cambre is designed to be an all-in-one video games storage solution. The storage system can hold any video games console such as the Wii, PS3 and Xbox 360 vertically without sweat. The upper shelf stores games while the four side support handles up to 4 controllers and guitar accessories.

Of course, it can be mounted effortlessly to the wall. Available in black, white, green, red, yellow and blue.

Via: Slipperybrick
Image: Cambre</body>
	<category>Gaming / GameOn Is Your Video Games Storage Monster </category>
	<tag></tag>
</page>