<?xml version='1.0' encoding='euc-kr'?>
<page>
	<id>58</id>
	<url>http://having-baby.net/2009/06/02/find-the-best-car-seat/</url>
	<title>Find the Best Car Seat</title>
	<body>Safety while driving in the car is a major concern to all parents. It is absolutely essential that children be properly buckled in while driving anywhere at all, even a short distance. Finding the right car seat for your child is important. It is something that you should begin before your baby is even born. There are several different types of car seat. They vary based on everything from the size of the child to the brand and quality. Parents need to stay alert when selecting a car seat. Many factors need to fall into place for any car seat to be considered the right one. </body>
	<category></category>
	<tag></tag>
</page>