<?xml version='1.0' encoding='euc-kr'?>
<page>
	<id>71</id>
	<url>http://ncsx.blogspot.com/2009/06/release-outlook-arrivals-on-thursday.html</url>
	<title>NCSX Import Video Games &amp; Toys</title>
	<body>Release Outlook - Arrivals on Thursday
Japanese Imports
NDS 	

Manepa 1000 Mannin no FX Training
	

Konami
	
PS2 	Evangelion: Jo 	Bandai 	


	L2 Love*Love 	

IFactory
	

	

L2 Love*Love Limited Edition
	

IFactory
	

PSP
	Evangelion: Jo 	Bandai 	

	Nishimura Kyoutarou Travel Mystery 	Marvelous 	

Wii
	Arc Rise Fantasia 	Marvelous 	
Domestic Releases
NDS 	Knights in the Nightmare 	Atlus 	

	Naruto Shippuden Ninja Council 4 	Tomy 	

	Johnny Bravo Date-O-Rama 	MJumbo 	

	Emergency Disaster Rescue Squad 	Destineer 	
PS3 	Red Faction: Guerilla 	THQ 	
Wii 	Go Play Circus Star 	Majesco 	

	Go Play Lumberjacks 	Majesco 	
360 	Red Faction: Guerilla 	THQ 	</body>
	<category></category>
	<tag></tag>
</page>