<?xml version='1.0' encoding='euc-kr'?>
<page>
	<id>184</id>
	<url>http://www.guardian.co.uk/business/feedarticle/8537416</url>
	<title>Firms to take up slack as Russia cuts Olympics cash</title>
	<body>MOSCOW, June 2 (Reuters) - Russia said on Tuesday it was slashing its state budget for the 2014 Winter Olympics by more than $600 million due to the economic crisis but promised state-controlled companies would make up the difference.
	Russia has pledged $12 billion in private and public money on developing the Black Sea resort of Sochi, where the Games will be held. But cash is becoming harder to find as the financial crisis bites deeper into the economy.
	"We can save not less than 20 billion roubles ($650.6 million) for the federal budget in the 2009-2014 period," Deputy Prime Minister Dmitry Kozak, in charge of preparations for the Games, told reporters.
	Hosting the Games has been presented by the Kremlin as a symbol of national pride and an indication of Russia's revival under former President Vladimir Putin, now prime minister.
	Kozak told Reuters in March that Russia would spend $6.1 billion on direct preparations for the Olympic Games. The government had previously said it had scaled back spending on the event by 15 percent.
	State-run Rosneft , Russia's No.1 oil firm, pledged $180 million for the Games in February, after state-controlled long-distance telephone firm Rostelecom and the No.3 mobile phone operator MegaFon pledged $460 million combined.
	Reports have indicated that around $5 billion will come from private sources. Kozak added that Russia's largest lender, state-controlled Sberbank , had also appeared as a new investor.
	"New investors are coming," Kozak said, naming Sberbank, MegaFon, Rostelecom and Rosneft among them.
	Sochi Games chief Dmitry Chernyshenko said on Tuesday the 2009-2010 budget for the 2014 Olympics had been met through "the success of partnership and commerical programmes" and that no state help would be needed during this time.
	Russia now faces the headache of building dozens of venues and bringing the region's crumbling infrastructure up to date by building roads, airports and sewage plants.
	The Sochi games have met with various concerns since the seaside resort was chosen as the site for the Olympics, including fears it has a lack of snow and is too close to ex-Soviet Georgia, where Russia fought a war last August.
	(Reporting by Anton Doroshev and Amie Ferris-Rotman; editing by Patrick Graham)</body>
	<category></category>
	<tag></tag>
</page>