<?xml version='1.0' encoding='euc-kr'?>
<page>
	<id>18</id>
	<url>http://www.tsnumi.com/articles/articles/business/artificial-intelligence-will-train-students/</url>
	<title>Artificial Intelligence will train students!</title>
	<body>The technology is increasing it��s span in every single field slowly. Be it the medical field, educational field, agricultural division, banking, and the list continues. This era the division that they have benefited is the training and guidance centers. The centers that includes impartation of training and guidance to candidates includes fields like plumbing, electronics, roofing, etc. Students being guided for these fields need to be rehearsed [beforeprior to] they actually start working on live projects. To deliver these trainings it is not constantly possible to make the students work directly on these projects. Before starting the actual work, its essential that they are given exposure first and once they feel at ease and confident about it, only then they are ready to work on authentic platform. The idea of Virtual and Artificial Intelligence has made the chore of training very simple and interesting. With the help of this conception, the technology will be able to place an environment, an artificial environment that will bestow a sense of being in an actual environment. The release of this artificial environment will help the candidates to try their hands on the projects which otherwise is very unrealistic as its not secure and simple. New Baltimore Electricians (Need one? click here!), for example, can be imparted training for various circuits and plants. This would provide a stage to students to attain perfection devoid of any risks and that too in a very less outlay. Not only electricians, but New Baltimore Plumbers (Need one? click here!) too can be guided using the imitate environment and set up. Instead of expending too many bucks on buying new devices and tools, trainee plumbers can first gain an idea towards this field with the help of a virtual set up. Also, this concept is also being endeavored for the accomplishment of the training of roofers as well. To attain this task New Baltimore Roofers (Need one? click here!) are being surveyed about the needs and requirements of various situations that arise while training students so that those same situations can be fashioned with the help of the technical and virtual environment.

</body>
	<category></category>
	<tag> Electricians, plumbers, Roofers</tag>
</page>