<?xml version='1.0' encoding='euc-kr'?>
<page>
	<id>169</id>
	<url>http://www.examiner.com/x-11384-Boulder-Camping-Examiner~y2009m6d1-Top-eight-campsites-an-hour-from-Boulder</url>
	<title>Top campsites an hour from Boulder: Rainbow Lakes</title>
	<body>If you are looking to car camp and you’d like to check out Roosevelt National Forest, but also stay close to home, try this one:
	Rainbow Lakes Campsite often gets missed by tourists because it is at the end of a five mile rocky washboard road off of Highway 72, passable by passenger vehicle (my front wheel Saturn makes it) and vehicles towing trailers at slow speeds. From Nederland, drive north on Highway 72, approximately 6.5 miles. Turn left on Country Road 116, it is marked by a sign that reads, University of Colorado Research Station. After 1.5 miles you’ll come to a fork, keep left and continue holding your coffee for another four miles to the camp. The campground’s elevation is at 10,000 feet and offers fire grills, picnic tables and clean vault toilets. There is no drinking water or trash service. This means you need to pack your water in and your trash out. Dogs are allowed, but must be kept on leash.
	The campsite is scheduled to be open from June 26th to September 26th this year. There are 16 camping sites and it is a first come - first serve system, no reservations. The sites accommodate tents and campers, trailers, and motor homes. The fee is $11 a night and you pay at the campground. At the campsite you’ll find trailheads to the Rainbow Lakes and Arapaho Glacier Trail. Both of these hikes take you into the Indian Peaks Wilderness area. Rainbow Lakes is a one mile easy hike to a cluster of lakes that provide trout fishing. Arapaho Glacier Trail is a much more difficult hike. It is 6 miles one way to the Glacier Overlook and 7.5 miles one way to the Fourth of July Mine.
	For current weather conditions and maps go to: USDA Forest Service. Contact the Boulder Ranger District with any questions by phone at 303-444-6600.</body>
	<category></category>
	<tag>Camping Campgrounds</tag>
</page>