<?xml version='1.0' encoding='euc-kr'?>
<page>
	<id>173</id>
	<url>http://www.chicagotribune.com/news/chi-ap-wi-genmarbankruptcy-,0,3912869.story</url>
	<title>Carver Boats parent files for bankruptcy</title>
	<body>PULASKI, Wis. - The parent company of a major employer in the village of Pulaski has filed for Chapter 11 bankruptcy reorganization. 

	Carver Boats Corp. has been a mainstay in the northeastern Wisconsin community since the mid 1950s. 

	The filing Monday by Genmar Holdings Inc. of Minneapolis didn't come as a great surprise in Pulaski, where Carver has cut its workforce from 800 to fewer than 100. Genmar cited decreased sales of its motor yachts due to the credit crisis and weakened economy. 

	Carver is expected to continue operations.
	
	Pulaski Village President and former Carver worker Keith Chambers said one positive aspect of boat-building is that production can be shut down and then resume months later where it left off, without a long shutdown or startup process. </body>
	<category></category>
	<tag></tag>
</page>