<?xml version='1.0' encoding='euc-kr'?>
<page>
	<id>73</id>
	<url>http://www.engadget.com/2009/05/31/nikkei-nintendos-wii-fit-plus-coming-to-make-weight-loss-compe/</url>
	<title>Nikkei: Nintendo's Wii Fit plus coming to make weight loss competitive, Internet fun</title>
	<body>Wii Fit not cutting the fat fast enough? Don't sweat it, the house of Mario is getting ready to make your weight loss competitive. According to Japan's Nikkei business daily, Nintendo will be launching its Wii Fit plus in autumn that will let users compete with friends and family over the Internet to "lose weight and other activities" -- the latter presumably hinting at cruel taunting Miis with the ability to point and laugh at the fatties. The new balance board is said to feature more precise measurements to better hone your sense of embarrassment and shame. E3 kicks off next week where we'll undoubtedly hear more if the rumor is true.
</body>
	<category></category>
	<tag>balance board, BalanceBoard, fit, nikkei, nintendo, plus, rumor, wii, wii fit plus, WiiFitPlus</tag>
</page>