<?xml version='1.0' encoding='euc-kr'?>
<page>
	<id>125</id>
	<url>http://www.firsttracksonline.com/News/2009/6/2/Ski-Museum-of-Maine-to-Hold-Open-House/</url>
	<title>Ski Museum of Maine to Hold Open House</title>
	<body>Farmington, ME - On Friday, June 12, the Ski Museum of Maine in Farmington will be hosting an Open House to celebrate the opening of their new exhibit, "Preserving Theo Johnsen". The open house will be held from 5:00 to 7:00 p.m. and the public is invited to attend.
Portland, Maine's Theo Johnsen has the claim to fame of writing the first ski book in America. His book, "The Winter Sport of Skeeing" was published in 1905. The first section of the book has ski history, general information on "skeeing" and instructions on how to "skee", complete with photographs, illustrations, and diagrams. Johnsen also manufactured skis, and the second part of the book is his company TAJCO's catalog of skees, skee accessories, snowshoes, push sleds, foot coverings, and caps.

Johnsen sent his skis to ski shops throughout New England, hoping for a lot of sales. When the skis didn't sell well on consignment and were returned, Johnsen decided to make scale models of each ski to sell to the stores. The stores could then sell the full-size skis by taking orders. Unfortunately, his skees were of high price as well as high quality, and the public was not ready. He stopped manufacturing the skees in 1907, and soon closed his company.

Through donations from enthused individuals, the Ski Museum was able to purchase six of these rare, beautiful model skis, which visitors can see and learn more about in this exhibit. Also in the exhibit are TAJCO ads and other memorabilia from Johnssen's company. Since opening its doors in 2006, the museum collection has expanded to include many aspect of ski history and Maine skiing and manufacturing in particular.

There is no charge for the open house event, although donations will be accepted. The Ski Museum of Maine is located at 109 Church Street, just off Main St. in downtown Farmington.</body>
	<category></category>
	<tag></tag>
</page>