<?xml version='1.0' encoding='euc-kr'?>
<page>
	<id>123</id>
	<url>http://www.boston.com/news/local/massachusetts/articles/2009/06/02/ex_bra_official_told_to_return_consulting_fees/</url>
	<title>Ex-BRA official told to return consulting fees</title>
	<body>Paul L. McCann, a well-connected former Boston Redevelopment Authority official dubbed Mr. Inside, has been ordered by state pension officials to pay back the more than a quarter of a million dollars that he earned under a lucrative consulting contract the agency handed him after his retirement in 2005.
	Discuss
COMMENTS (21)

It was the second time in as many weeks that state pension officials had cited the BRA for paying its employees salaries that violated legal limits on postretirement income.

Previously, state pension officials ordered Jansi Chandler, a BRA economic development official, to return $151,473.60 in "excess earnings" that she was paid between 2000 and 2008, while she was also drawing a pension from her former job in Lynn.

The latest case found that the BRA violated state law by signing a consulting contract with McCann in late 2005 that paid him $126,176 in 2006, $264,341 in 2007, and $162,307 in 2008, while he also drew a $96,291 annual pension from the agency.

In a May 28 letter, the Public Employee Retirement Administration Commission said McCann's excess earnings totaled $256,953. The commission asked the BRA to recoup the money and added that if the BRA declined to act, the commission would ask the Boston Retirement Board to recoup $219,846.59 in pension payments from McCann.

McCann referred a call yesterday to his lawyer, Thomas F. Gibson of Cambridge.

Gibson said he wants to review the law and McCann's BRA records to make sure that the commission's memo "is on solid ground."

"If he winds up owing money, then we'll make arrangements to pay it back," Gibson said. "He wants to do the correct thing here, under the law."

State law prohibits retirees from working at a government agency as an employee, independent contractor, or consultant for more than 960 hours per year and from collecting more in total income than the salary for the position they held at retirement. State pension officials found that the BRA's contract with McCann violated the law all three years.

In 2007, for example, McCann worked 1,938 hours, earning $264,341, in addition to his pension. That is a higher than even the salary paid to the current BRA director, John F. Palmieri, who earns $173,039.88 annually. BRA officials said McCann was working that year as acting director of the agency.

McCann was a longtime force at the BRA, working 47 years at the agency and rising from office clerk to executive assistant.

PERAC began investigating McCann's payments after the Globe published a report about his contract in April. The BRA canceled the contract after the story ran, saying that while it had not ruled on the legality of McCann's earnings, the authority wanted "to avoid additional issues pending their review."

BRA officials said yesterday they have not decided if they will seek repayment from McCann or Chandler.

"The BRA respects PERAC's mission to protect the public pension system and will respond to PERAC within the 45 days requested," the authority said in a written statement. "Meanwhile, BRA will work with our labor and employment counsel and determine how to address this matter appropriately. We are committed to finding a resolution that complies with the law."

The authority said it had asked its labor lawyer "to review all procedures for screening new hires and new contracts to identify any possible pension-related issues." The lawyer will also "evaluate the status of any employee or contractor who receives a Massachusetts public pension and make a recommendation for action," the BRA statement said. Findings are expected at the end of the month.

McCann told the Globe in April that he had not violated the law because he believed that the BRA is an independent authority and therefore not bound by legal limits on postretirement income.
�� Copyright 2009 Globe Newspaper Company.
</body>
	<category># News /
# Local /
# Mass. </category>
	<tag></tag>
</page>