<?xml version='1.0' encoding='euc-kr'?>
<page>
	<id>7</id>
	<url>http://www.dv-depot.com/11037/how-do-i-pick-the-right-lcd-tv/</url>
	<title>How Do I Pick the Right LCD TV?</title>
	<body>The cost and the size are the two most vital factors among others in opting the accurate LCD TV for you. Paying for an LCD TV may at times be complex but as you shop,the various brands and size ranges will be simple to remember. In deciding a screen size, the space free in your house needs to be studied beforehand.

Foremost, quantify the domain and position where you would want to lay the TV. Determining the figure will assist you to choose what LCD TV agrees with your room. It is also recommended to have a look on the seating and furniture set up so that watchers will have an effortless time seeing the movie. In case that you do not like to alter the furniture, you may wish to acquire a screen size that corresponds your current contour. But if you desire to make various changes, you better manage it ahead of purchasing the TV.

Next, calculate the distance from where you want to lay the LCD TV in the viewing and seating area. A standard of 10 feet away a 35 inch LCD TV will give a greater look. For example, 15-20 feet distance away from the television is essential. Just forever bear in mind that the bulkier the television, the farther the screening distance it entails.

An additional factor to count is the screening angles. There are a few types that provide better watching angles. In brief, the angle of screening hints an angle wherein the LCD TV can be pictured from the side even before the value of the image begins to decline.

When you are in the shop trying to find an LCD TV, think and explore the picture quality of the unit. It needs to please your liking of liking non-pixelated and clear pictures on your screen. The size ought to be what you are seeking for. The LCD screen size may be smoothly marked if you cease searching and likening it from different model units in the depot. Just remember to focus on the model you want to purchase.

The anti-glare covering of LCD needs to as well be checked when choosing a TV. This will help resolve your trouble on the outside light reflection. Nonetheless, regardless of what model you opt, a quantity of light may still pass through that will cause {glaring}. Keep this in mind when fixing the expanse where you like to position the TV.

In deciding an LCD, the topic on HDTV (High Definition Television) may arise. If you bask High Definition Television watching, it is therefore a necessity that you try to find a model that has HDTV features. You ought to know that the model monetary value is dependent on the brand and the size so you should give these aspects a thought sooner than purchasing.

The two vying companies in LCD Televisions are Sharp and Samsung. The make is not actually a matter if you get to purchase a television that gratifies to your likings and that runs considerably. Affordable LCD TVs are available in the depots but getting these gadgets also involves strong consideration. Bear in mind that you have to have quality for your money. In that light, it is wisest that you unwearingly hunt for discount promos or refurbished models on depots.

You should first see if it fits you but we recommend you to check out Samsung LN40B550. If you think Samsung LN40B550 is not cheap enough check out other models like Samsung LN32B460.

</body>
	<category></category>
	<tag>Ahead, Angles, Anti Glare, Calculate Distance, Contour, Domain, Electronics, Focus, Furniture, hdtv 1080p, Image, Inch Lcd Tv, Lcd Screen, lcd tv, Liking, Model Units, Pixelated, plasma, Purchasing, Size Ranges, Technology, television, tv, Vital Factors</tag>
</page>