<?xml version='1.0' encoding='euc-kr'?>
<page>
	<id>171</id>
	<url>http://www.transworldnews.com/NewsStory.aspx?id=91606&amp;cat=1</url>
	<title>New ‘Herf n’ Go’ Travel Cigar Combo Available At CI</title>
	<body>Cigars International is offering a new ‘create your own’ cigar kit dubbed Herf n’ Go. The Herf n’ Go Combo gives each customer a base travel humidor with cigar accessories, and allows you to custom tailor a cigar selection to their own taste. The combo includes a 5-cigar capacity “Herf-a-Dor” (a crushproof, watertight, travel humidor) along with a wind-proof lighter from Colibri and a guillotine cigar cutter.

	In addition to the humidor, cutter and lighter package, a choice of one 5-pack sampler of premium cigars is included in the combo. With 26 available options, the selection of 5-pack samplers includes a majority of the industry’s top manufacturers. Available sampler choices include Perdomo, Rocky Patel, Camacho, Don Pepin Garcia, NUB and many more. Considering the retail value of $47 on the accessories alone (not even factoring in the cigars), the Herf n’ Go’s discounted price of $35 offers considerable savings.

	CI representative Jeff Kocher noted, “The Herf n’ Go combo makes a great starter kit, gift option, or just a simple way to save some extra money on great cigars and accessories. Since taste is subjective and each palate is unique – we all enjoy different cigars – it’s nice to have combo pack that you can customize to your own taste.”

	To visit Cigars International, click here
	Cigars International, Inc. is the industry leading internet and catalog retailer of handmade cigars. Cigars International (www.CigarsIntl.com) offers the highest level of quality, service, pricing, and selection. CI features hundreds of top brands, housing nearly 30 million cigars in stock any given day, including the world’s finest national, boutique, and exclusive brand names, in addition to closeout deals and cigar-related accessories.</body>
	<category></category>
	<tag></tag>
</page>