<?xml version='1.0' encoding='euc-kr'?>
<page>
	<id>31</id>
	<url>http://caribbean.cublogz.com/2009/06/01/dominica-history/</url>
	<title>Dominica History</title>
	<body>First Inhabitants...Dominica has been inhabited by human beings for a long time - there is evidence that the island was inhabited in at least 3100 BC. The first settlers were the Ortoroid people who set out from the South American mainland and gradually spread northwards through the Caribbean island chain.Evidence suggests they became extinct around 400BC. Later came the Igneri or "Arawak speakers" who settled in about 400AD. Their way of life was agricultural and peaceful with a well-defined culture. By 1400 this was about to change as a similar tribe, the Kalinago or as the "Caribs" (as they became more commonly known) departed South America and aggressively moved their way up the Caribbean.The Caribs...The Caribs seemed to be very much into raiding and the men aggressively attacked the Igneri, stealing their women when it was deemed feasible. The Caribs ...... Read more</body>
	<category>Travel �� Dominica History </category>
	<tag></tag>
</page>