<?xml version='1.0' encoding='euc-kr'?>
<page>
	<id>85</id>
	<url>http://www.ebookslab.info/2009/06/01/premier-press-c-programming-for-the-absolute-beginner-2001.html</url>
	<title>PREMIER PRESS C++ PROGRAMMING FOR THE ABSOLUTE BEGINNER 2001</title>
	<body>Book Description If you are newborn to planning with C++ and are hunting for a solidified introduction, this is the meaning for you. Developed by machine power professors, books in the for the Absolute Beginner program inform the principles of planning though ultimate mettlesome creating. You module take the skills that you requirement for more applicatory C++ planning applications and module see how these skills crapper be place to ingest in real-world scenarios. Best of all, by the instance you closing this book, you module be healthy to administer the base principles you��ve scholarly to the incoming planning module you tackle. Download 

View post:
http://feedproxy.google.com/~r/knowfree/~3/nbWo2neq9Ec/premier-press-c-programming-for-the-absolute-beginner-2001-2.kf 
</body>
	<category> Tutorial Feeds</category>
	<tag>Business, database, Graphics, it ebooks
</tag>
</page>