<?xml version='1.0' encoding='euc-kr'?>
<page>
	<id>64</id>
	<url>http://www.bollywoodmantra.com/news/katrina-kaif-shuns-make-up/4352/</url>
	<title>http://www.bollywoodmantra.com/news/katrina-kaif-shuns-make-up/4352/</title>
	<body>Gorgeous Katrina Kaif has now decided to bid good-bye to make-up as heavy decoration is destroying her skin. Constant make-up and exposure to light has been a great threat for Katrina Kaif as it is taking a toll on her beautiful skin.

"This is true that I have decided to go for no make-up. Anybody who has to don heavy make-up and is constantly exposed to the arc lights would be able to give you an answer as to why I have done that. It affects your skin badly. I also think that beyond a point it's unnatural to don heavy make-up all the time," Kat says.

What irritates Katrina the most is sitting with full make-up when she does not have any scene to enact and other character is performing. "I don't enjoy sitting with make-up all the time and that is why I have decided to go for the natural look. Not only me, I think given a choice, everybody would prefer such a look on screen," she confirms.

Well Katrina, we feel that you look gorgeous with or without make-up.</body>
	<category></category>
	<tag></tag>
</page>