<?xml version='1.0' encoding='euc-kr'?>
<page>
	<id>109</id>
	<url>http://www.themorningbulletin.com.au/story/2009/06/02/top-table-tennis-players-put-to-test/</url>
	<title>Top table tennis players put to test </title>
	<body>

SOME of the leading players were pushed in the top grade competition at the Leichhardt Park Table Tennis Centre on Tuesday.

Front-runner Gerard Watts was put to the test by both Glenn Boulter and Scott Headon before he called on his experience and consistent defensive play to post victories over four close sets on both occasions.

Helga Leitner pushed Craig Pettett to the limit when she extended her more fancied rival to five lengthy games.

Craig Ottaway continued with his solid come-back when he almost created an upset when he went down 11-9 in the decider against Monica Deeth.

James O'Sullivan narrowly failed to post what would have been a surprise win when pitted against Kerrod Coughlan losing narrowly in the fifth set after leading two-zero.

At times a much improved Joe Clifton looked like he could spring a surprise on Ann-Louise Stewart but fell in four entertaining games.

Dave Hockings and former Bundaberg star Glen McDonald engaged in a classic battle. Hockings won.

Some close calls highlighted the Thursday afternoon junior fixture. Enoch Pun just run down David Hockings 12-10, 11-8, 11-9, 11-13, 10-12, 7-11, 11-6 while Kerrod Coughlan overcame a solid handicap and narrowly survived over Matthew Pettett.

Coughlan trailed by three games to nil before winning by a few points in the seventh-set decider.

Pettett also extended Kent Jacobsen to seven games where there was only two points difference to the final score. Jacobsen capped off a good day when he took great advantage of generous start to overpower Coughlan.

Mathias Andersson had his hands full with both Rayden Smith and Josh Ball before he beat both over fiver five long games.

When Smith played Ball he was victorious over six games and Ball impressed when he pushed Andersson to five competitive sets.

Youngsters continue to do well in the B-grade fixture on Monday evenings and when two of the club's leading juniors clashed this week a great match unfolded.

Matthew Pettett's counter-attacking game came to the fore when he edged out Paula Hockings 11-9, 12-10, 13-15, 11-9.

Pettett returned an unbeaten score-card as he also had too many answers for Chris Leitner when he came up trumps over four long games.
</body>
	<category> Sport</category>
	<tag></tag>
</page>