<?xml version='1.0' encoding='euc-kr'?>
<page>
	<id>174</id>
	<url>http://www.chicagotribune.com/news/chi-ap-wi-genmarbankruptcy-,0,3912869.story</url>
	<title>Jewelry designer donates second defibrillator to town</title>
	<body>MARBLEHEAD - Susan Garofalo, designer and founder of HeartStrings Jewelry recently presented an automated external defibrillator at the Marblehead Community Center to Brendan Egan, superintendent of the Recreation &amp; Parks Department; Patricia Roberts, executive director of Marblehead Council on the Aging; and Chief Jason R. Gilliland of the Marblehead Fire Department.
	HeartStrings and DS Designs of Marblehead are dedicated to working together to provide AEDs for local schools and community centers in the Marblehead area. DS Designs co-owners Caroline Doughty and Priscilla Schwarzenbach featured, displayed and sold Garofalo’s unique sterling-silver jewelry in their Washington Street establishment, with 100 percent of HeartStrings’ proceeds not just from sales at DS Designs but also other HeartStrings clients combined to purchase and donate the Community Center’s AED. This is Garofalo and DS Designs’ second Marblehead AED donation, joining one presented to Marblehead High School Athletic Department last October.
	In 2005, Garofalo’s husband suffered sudden cardiac arrest during a routine workout at a gym. Had there not been an on-site defibrillator he would not have survived the attack, leaving behind his wife and children. This life-changing experience inspired Garofalo to take on the cause of donating AEDs to schools and community centers.
	“I feel by combining the love of my craft and my strong desire to make a difference in the fight against sudden cardiac arrest, I could really do something to help save people’s lives,” Garofalo explained.
	American Heart Association statistics show that sudden cardiac arrest kills more than 325,000 Americans each year, which is more than colorectal cancer, breast cancer, prostate cancer, auto accidents, AIDS, firearms and house fires combined.
	Council on Aging Director Roberts noted that the AED was particularly welcome, given the recent opening of an exercise room at the center.
	“Sudden cardiac arrest discriminates against no one, which is the reason behind our donation and presentation at Marblehead Community Center,” Garofalo said. “I strongly feel that the multi-generational crossroads of the Marblehead Community Center is an ideal location for a lifesaving AED.”
	Sales of Garofalo’s wares, including a new spring line, continue at DS Designs, 158 Washington St., Marblehead, www.dsdesigns.com.</body>
	<category></category>
	<tag></tag>
</page>