<?xml version='1.0' encoding='euc-kr'?>
<page>
	<id>178</id>
	<url>http://www.examiner.com/x-8921-Pittsburgh-Budget-Fashion-Examiner~y2009m6d2-Make-a-splash-with-affordable-swimwear</url>
	<title>Make a splash with affordable swimwear</title>
	<body>Some major department stores sell swimwear as high as $50.00 to $60.00 which is ridiculous for fabric that is little, does not cover much, and will be soaked with water or sand.  With the upcoming hot weather and summer vacations just around the corner to the beach or various waterparks the need for a swimsuit is essential.  Save your money for that great little black dress or hot pair of heels and check out some affordable options in swimwear.
	Old Navy offers a great option in buying swimwear in the art of mixing and matching.  Shoppers can pick from a variety of colored and printed tops and a then a variety of colored and printed bottoms.  Bikini top styles include halter bikini tops, halter bandeau bikini tops, string bikini tops, and underwire bikini tops in a multitude of colors and prints ranging from $12.50 to $16.50.  For bikini bottoms there is a collection of traditional bikini bottoms, hipster bikini bottoms, string bikini bottoms, and boy short bikini bottoms also ranging $12.50 to $16.50.  Pair up a black and white striped string bikini top with a solid black boy short bikini bottom and you'll only  have paid $29.00 for an adorable swimsuit.  Old Navy also offers a mix and match option in tankinis for the more body conscious bathing beauty for $12.50 to $19.50.  For fans of the one-piece swimsuit, Old Navy offers a variety of colors and prints for as low as $15.00.  Check out Old Navy for a collection of swimsuits that will fit in perfectly with your summer budget.
	Target also has a great collection of affordable swimwear.  A collection of different styles and swimsuit cuts include triangle bikini tops and halter bikini tops paired with high waist bikini bottoms and boy short bikini bottoms.  The brand Xhilaration at Target offers separate pieces for as low as $10.49 which is so affordable you can pick up more than one swimsuit.  For even wilder swimswear, Target offers a swimsuit called a monokini which is a traditional one-piece bikini with sexy cut-outs on the side of the swimsuit for $20.98.  Target offers a variety of affordable swimswear for summer.
	Going on a long vacation to the beach and need more than one swimsuit?  Turn to Walmart for affordable swimsuits where you can buy two or three for a great price.  Tops and bottoms in a variety of bikinis all cost $9.00 so in essence you will be spending $18.00 for a full bikini.  A tankini can be found for $12.00 on top and $12.00 on bottom making $24.00 a great price for a stylish and figure flattering swimsuit.  You will be guaranteed at these great prices to walk out of Walmart with more than oen swimsuit.
	Even retail chains like Charlotte Russe are a great place to check for affordable swimwear.  Charlotte Russe offers sexy and stylish bikinis, great colors, fun prints and designs, and great fit for as low as $14.99 for bikini tops and bikini bottoms.  Flaunt a zebra print bikini or a retro floral print bikini for a grand total of $34.00.  Charlotte Russe is the best option for a more adventurous swimsuit shopper.
	There are great and affordable options available in swimsuits.  Remember to find something you are comfortable in, makes you feel good, and is appropriate for your body type.  Enjoy the summer!</body>
	<category></category>
	<tag></tag>
</page>