<?xml version='1.0' encoding='euc-kr'?>
<page>
	<id>185</id>
	<url>http://www.miamiherald.com/living/health/story/1076538.html</url>
	<title>Health &amp; Fitness Calendar | Swimming classes and more</title>
	<body>Adding Pizzazz to Your Meditation: Learn and experience a variety of meditation techniques, including sound, gazing and moving meditations; noon-2 p.m. Sunday; Temple Bet Breira, 9400 SW 87th Ave., Kendall; $15. 305-232-9503 or www.unitycenterofmiami.org.

	Autism Mobile Clinic in Homestead: Register children and adults with autism spectrum disorders at University of Miami-Nova Southeastern University Center for Autism and Related Disabilities' (UM-NSU CARD) Mobile Autism Clinic; 10 a.m.-noon Saturday; JD Redd Park, 550 N. Homestead Blvd., Homestead; free. 305-284-5901.

	Bariatric Program in Spanish: Information seminar discussing weight-loss surgery in Spanish in the Victor E. Clarke Education Center Auditorium at South Miami Hospital, U.S. 1 and Southwest 62nd Avenue. The program is conducted by a bariatric surgeon and is designed to educate prospective patients and their family about the types of surgeries available and the requirements to have the surgery; 7-9 p.m. Thursday; free. 786-662-8745.

	Childbirth Classes: Educators Adriana Hurley and Annette Polizano teach participants about preparing for labor and delivery. Includes a tour of Hialeah Hospital's maternity facilities; 10:15 a.m.-5 p.m. Saturday; Hialeah Hospital, 651 E. 25th St., Hialeah; free. 305-693-6100 or www.hialeahhosp.com.

	Cleanse Miami: Dr. Etti Ben-Zion, a doctor specializing in detox, discusses how to live and eat healthier and deal with common issues, including weight, moodiness and constant fatigue. Also features yoga classes by The Spa at Icon Brickell and 30 percent off on spa treatments; 9 a.m.-5 p.m. Saturday; Viceroy Miami at Icon Brickell, 485 Brickell Ave., Miami; $129, registration required. 305-861-9383 or www.dretti.com.

	Do-It-Yourself Fitness Boot Camp Workshops: Learn nutrition strategies, safe boot camp exercise, how to customize obstacle courses, when and how to stretch, and how to design intensities combined with recovery and hydration. Parents also can learn how to help their children during the summer with their own tailor-fit, family-oriented Fitness Boot Camp for home or to enjoy at parks or beaches in Broward; 1 p.m. Saturday; Chesterbrook Academy, 14900 NW 20th St., Pembroke Pines; free. 954-438-4744 or www.BrowardBootCamp.com.

	Emei Qigong Level II Workshop: Changing the Moving Program of Life Course -- a comprehensive system of Chan (Zen) Qigong that generates vital energy and leads to the attainment of ever higher levels of awareness. The study and practice of Emei Qigong promotes physical health, emotional balance and spiritual development; 9 a.m.-5 p.m. Tuesday and Wednesday; Chakrasamvara Center, 369 N. Hibiscus Dr., Miami Beach; free. 646-827-0533 or www.emeiqigong.us.

	Heart for Humanity Open House: Learn about Heart for Humanity projects, how to become a certified yoga teacher and a meditation instructor, and how to teach wellness techniques to the elderly and underprivileged; 1-3 p.m. Thursday and 12:30-2:30 p.m. Saturday; Zen Village, 3570 Main Hwy., Coconut Grove; free, registration required. 305-567-0165 or www.heartforhumanity.org.

	Kendra's Kisses Memorial 5K: 5K Run/Walk to raise money for South Florida children battling cancer; 8-11 a.m. Sunday; Markham Park, 16001 W. State Road 84, Sunrise; $10-$25. 954-599-3473 or www.kendraskisses.org.

	Learn-to-Swim: Miami-Dade Parks &amp; Recreation presents classes: Tiny Tots 1 and Tiny Tots 2 (ages 3-5), Levels 1-3 (6 years and up) for begin-ners; Levels 4-6 (6 years and older up) for more advanced training; and Adults (18 and older) for beginners. The program runs June 8-Aug. 14 with classes Monday through Friday taught in two-week sessions by certified American Red Cross Water Safety instructors. Prices vary. Evening classes at select locations will also run through mid-August. Qualified children and adults with disabilities are welcome in all Learn-to-Swim Programs:</body>
	<category></category>
	<tag></tag>
</page>