<?xml version='1.0' encoding='euc-kr'?>
<page>
	<id>199</id>
	<url>http://www.valleybugler.com/2009/06/biodiesel-could-become-the-diesel-fuel-of-the-future/</url>
	<title>Biodiesel could become the diesel fuel of the future</title>
	<body>Biodiesel could become the diesel fuel of the future - true?
	Biodiesel is a vegetable oil-based fuel that can run the diesel engine of a car, bus, truck or boat.
	It is typically made from canola or soybean oil, but it can also be made from recycled fryer oil. The substance can be merged with diesel fuel or it can run on its own.
	It’s one of the most thoroughly tested fuels on the market. Developers can show that, although it performs in a similar fashion to petroleum, biodiesel is far better for the environment.
	Biodiesel is the buzz of college campuses and municipalities. Individual drivers are even purchasing simple equipment that turns waste cooking oil from restaurants into automotive fuel.
	And you don’t have to be a rocket scientist to make the top-quality fuel for 68 to 74 cents per gallon. In the process, used cooking oil is heated to about 135 degrees. Lye and methanol are added.
	A period of time is allowed for the mixture to settle with a layer of glycerin forming at the bottom. The glycerin layer is then removed, and the fuel is washed with water a few times.
	After simple tests are used to check purity, it is placed in a storage tank, ready for use in vehicles and other diesel-burning equipment.
	In just two weeks, one Midwestern city (Kokomo, Indiana) produced enough of the fuel to start using it in its municipal fleet of diesel trucks.
	A small area for processing the fuel was found in a corner of its sanitation plant. Sanitation technicians used a block of their time for its production.
	Equipment for making biodiesel fuels from used cooking oil can be found at http://www.biodiesel-kits-online.com and other on-line resource sites.</body>
	<category></category>
	<tag></tag>
</page>