<?xml version='1.0' encoding='euc-kr'?>
<page>
	<id>32</id>
	<url>http://mentorman.com/pets/animals-and-vehicle-relocate-both-with-care-when-choosing-car-shipping.html</url>
	<title>Animals and Vehicle, Relocate Both with Care when Choosing Car Shipping</title>
	<body>Both your pets and your vehicle are things that you cherish above most of your other belongings. Any breakage of items or harm to your pet greatly affects you emotionally as well as financially. Take your time when selecting the company you wish to undertake this move. When relocating, you will want to find a company that will provide the right services for what you need them to do.

You may have decided to relocate.Your vehicle could not choose to travel any distance on its own.You will need to find a shipping company for your car. You will have to find out what the car shipping companies policies on pets is. Many will be trying to get your attention, you will have to make your own choice based on the quotes you got and the services provided.

Your pets are a great source of happiness for you. Make sure to take care they are safe during the move. Do not hand your furry companions over unless you feel comfortable they will be taken care of. Since you will not be with your pets during the move, make sure the company understands what you think of your pets. You will want to learn how your pet will be transported, feeding schedule, have any questions answered before you hire a company. Question your service provider about how he will handle those specific situations if and when they arise. You will want to let them know of any quirks your pet has, since each one is different. Leave specific instructions if you are not travelling with the truck.Check that they are able to follow the rules you set down before you decide that that is the company you want to transport your pets.

Just as you searched for the right company to transport your pets, you will need to do again now to find auto transport. You will want to check how much their insurance will pay, and where yours must then pick up. Find out as much as you can about the dependability of the company you choose. Then would come the rates and this is one area which you can negotiate as it��s a very competitive market out there for them .

By looking on the Internet, you should be able to find car shipping. You can ask neighbors and coworkers if you friends cannot give you any information. Your pets and car have shared their life with yours so handle their relocation with care.
</body>
	<category></category>
	<tag></tag>
</page>