<?xml version='1.0' encoding='euc-kr'?>
<page>
	<id>134</id>
	<url>http://www.bloomberg.com/apps/news?pid=20601079&amp;sid=aSanEnPUMwGU&amp;refer=amsports</url>
	<title>East Carolina Rallies to Advance in College Baseball Tournament </title>
	<body>By Erik Matuszewski

June 2 (Bloomberg) -- East Carolina University advanced to the second round of the National Collegiate Athletic Association baseball tournament yesterday by rallying for a 10-9, 10-inning win over South Carolina.

Devin Harris hit a three-run home run in the bottom of the ninth inning to tie the game for East Carolina and the Pirates pushed across the winning run in the 10th to avenge a 12-2 loss to South Carolina three days ago.

East Carolina moves into one of eight Super Regionals and will play North Carolina for a spot in the College World Series.

The other five schools to gain Super Regional spots with wins yesterday were Rice, Clemson, Louisville, Mississippi and Southern Mississippi. Rice will play Louisiana State, Clemson faces Arizona, Louisville meets Cal-State Fullerton, Mississippi plays Virginia and Southern Mississippi takes on Florida.

In the other best-of-three Super Regionals, top-ranked Texas plays Texas Christian and Florida State meets Arkansas. The next round begins June 5.

To contact the reporter on this story: Erik Matuszewski in New York at matuszewski@bloomberg.net
Last Updated: June 2, 2009 00:03 EDT </body>
	<category></category>
	<tag></tag>
</page>