<?xml version='1.0' encoding='euc-kr'?>
<page>
	<id>38</id>
	<url>http://www.semanticwebonline.com/semantic-indexing-qa/overview-of-uk-flights-to-middle-east/</url>
	<title>Overview of UK Flights to Middle East</title>
	<body>The Middle East has had a mixed reputation in Europe. On one hand it has rich and prosperous lands with oil, but then there are also the troubles which plague the continent. The Middle East covers Iran, Turkey, Iraq, Bahrain, Qatar, Saudi Arabia, United Arab Emirates, Yemen, Jordan, Lebanon and Syria.

The region identified as the Greater Middle East consists countries like Algeria, and Afghanistan. The region identified as the Horn of Africa consists countries like Sudan, Eritrea, and Somalia. With no uncertainty, there are dramatic lands full of traditions for the travellers from Europe, though it is important to be little careful and conduct your research before going for safety concerns. As long as you move with a trustworthy tour organizer, you must have a secure tour.

Depending on where you fly there can be very few flights or many; Dubai, for example, is a very popular destination now with Brits so there is competition between Airlines. Other destinations however, like Iran maybe have limited flights and it isn?t recommended that you visit without a tour operator. Virgin, KLM, Continental, Qatar Airlines and Emirates are the major airlines that fly to the Middle East area.

Remember that these countries are Islamic countries, so this means that you will need to observe certain social rules; for example you should keep legs and shoulders covered when outdoors although there are various different rules depending on the country you visit. Dubai for example is comfortable with Western tourist, but somewhere like Iran will be stricter. You will need to check the current security levels before travelling as a British passport may not always be suitable for entry into all of the countries.

The Middle East is a very hot area and a lot of it is desert. Some of the areas are subject to droughts but there are still fertile areas with forests and greenery, depending on where you visit. In the summer, the weather reaches up to 40 degrees Celsius; sun protection is a must if you visit and be prepared for a dusty type of humidity.

An enthusiast travellers must explore the Middle East region; especially Jordan, one of the most modern among the cities. The city offers aplenty architecture and cuisine like kebabs and other regional dishes, which are familiar to the UK travellers.

Dubai again is a modern city which offers ample shops and spacious beaches; here you will also find pubs and bars for tourists to enjoy as per the more moderate drinking laws. Being an Islamic country, Dubai has regular prayers five times a day. The city of Dubai boasts many art galleries displaying Arabic artefacts. You can visit these places if you are looking for a break from the beaches.

The city of Israel on the other hand, has several churches and the bible lands, to explore; here you will also find popular attractions which include The Tower of David Museum, Baha?I Shrine, Rockefeller Archaeological Museum, Yad Vashem, and the Gardens in Haifa. You may also try out the regional cuisine of Israel, the bagels, pickles, and kebabs.
About the Author:
Graham McKenzie is the content coordinator for Bestukflights.co.uk the UK��s premier flight and travel comparison portal which includes a detailed section on Travel and Flights to Venice
</body>
	<category></category>
	<tag>a, airlines, aviation, C, cheap flights, e, Europe, F, flight comparison, flights, i, k, l, leisure, r, Semantic Indexing Q&amp;A, T, tourism, Travel, travel &amp; leisure, u, uk</tag>
</page>