<?xml version='1.0' encoding='euc-kr'?>
<page>
	<id>92</id>
	<url>http://www.mobiletopsoft.com/board/5598/easy-access-freeware-pocket-pc-mobile-site-on-your-phone.html</url>
	<title>Easy access Freeware Pocket PC mobile site on your phone</title>
	<body>We are happy to announce you the release of shortcut app to our mobile site. This simple app will put a shortcut icon in your Programs folder, which will open the mobile interface of FreewarePocketPC.net in your mobile browser. Instead of opening your browser and typing http://www.pocketpcfreeware.mobi you will be able to access it with just one tap on the screen !

Download FreewarePocketPC shortcut 
</body>
	<category></category>
	<tag></tag>
</page>