<?xml version='1.0' encoding='euc-kr'?>
<page>
	<id>76</id>
	<url>http://www.thetechherald.com/article.php/200923/3779/Nikkei-Nintendo-to-unveil-new-Mario-title-at-E3</url>
	<title>Nikkei: Nintendo to unveil new Mario title at E3 </title>
	<body>After something of a flat E3 Expo in 2008, fans of Nintendo Corp. are hoping that the Japanese gaming legend will this week banish the memory of last year wince-inducing keynote address and offer up something distinctly less gimmicky than the likes of Wii Music. 


If an English language report from business outlet Nikkei.net is anything to go by, then Nintendo presence at the E3 Expo in Los Angeles will be considerably more fulfilling in 2009. Specifically, the videogame heavyweight is expected to introduce an updated version of its Wii Fit interactive exercise package and also a brand new entrant to its hugely popular Mario franchise.

According to GameSpot, Nikkei report points to the emergence of Wii Fit Plus, which is likely to hit retailers in Japan during the final three months of the year and �will enable users to compete with each other over the Internet.?/P> 

And, in a move to further enamour the gaming fitness phenomena with an even wider demographic, Wii Fit Plus will also include entle exercises for the elderly, and will respond to player inputs more precisely than the current version?of the package ?which comes complete with the groundbreaking Wii Fit Balance Board peripheral.

While the prospect of a refreshed Wii Fit exercise regime with more enhanced interaction and an array of new mini-games is bound to mean money in the bank for Nintendo, the possibility of a new Mario title will surely lead media expectation when Nintendo of America boss Reggie Fils-Aime takes to the E3 stage during Tuesday keynote.    

More pointedly, Nikkei report highlights a new Mario release, which will find its way onto Japanese retail shelves before the end of 2009. However, it is worth noting that the report makes no mention of whether the game will be a ull?release in the same vein as Super Mario Galaxy, or a new Kart-based entry, or perhaps yet another, more casual sporting spin-off. 

It also fails to say whether the game will be aimed at the Wii home console or the handheld DS and DSi platforms. However, it does say Nintendo is hoping to olster?Wii sales, which would suggest Mario will indeed be on his way to this generation leading home console seller.

The Tech Herald: Nintendo wants 70 percent third-party support for Wii

The Tech Herald: Sony loses $1 billion, no PlayStation 3 price cut at E3?

 

Want regular updates from The Tech Herald? Follow us on Twitter.

Interested in a more interactive TTH? Join our Facebook Group.

</body>
	<category></category>
	<tag></tag>
</page>