<?xml version='1.0' encoding='euc-kr'?>
<page>
	<id>182</id>
	<url>http://www.leadertelegram.com/story-news_local.asp?id=BK6NP96UK8N</url>
	<title>Menomonie council approves fencing for dog park</title>
	<body>MENOMONIE - Work on fencing for the Menomonie Dog Park should begin within the next two weeks and will be completed by mid-July.

	The Menomonie City Council on Monday approved Pember Companies of Menomonie's low bid of $41,287.50 to install the fencing.

	In April, the City Council unanimously agreed to release $25,000 in city matching funds to help fence the dog park site. Two years ago, the city set aside $30,000 in matching funds for the dog park.

	The dog park will be located on just more than 11 acres at the site of the closed city landfill near the Dunn County Humane Society.

	Volunteers have raised about $27,000 for the dog park.

	"The public donations are coming very close to the goal of $30,000," said Mayor Dennis Kropp.

	The dog park will allow dogs to run free, play and exercise. Dogs currently are not allowed in any city parks, even while on leash.

	The donations raised so far and the city match will provide the 6-foot chain-link fencing and double entry gates to prevent dogs from escaping the fenced area. They also will pay for about a one-half acre enclosure for smaller dogs.

	The current funds raised do not provide for water service, but that will come at a later phase.

	In other action the City Council:

	-Accepted a bid of $469,000 to have the interior and exterior of the city water tower painted. The tower is located in the city industrial park near Cardinal Glass.

	TMI Coatings of St. Paul was awarded the bid on the condition that city engineers verify references and receive a list of subcontractors.

	The water tower is 18 years old, and this will be its first major maintenance project. The maintenance is expected to last 20 to 25 years. The cost will be borrowed through the capital improvements budget.

	- Learned Councilman Jeff Hoyt has resigned. Hoyt has moved out of Ward 8 and into Ward 6. Hoyt said he does not plan to run against Councilman Lee Schwebs, who lives in Ward 6. Hoyt had been on the City Council for 11 years.

	The council will receive applications and appoint an applicant to the vacant Ward 8 position. The council will set a deadline for applications later this month.

	-Approved closing the end of Micheels Lane for Oak Ridge Lutheran Brethren Church to sponsor a block party on Wednesday, June 24. Everyone on the street will be invited to join members of the church for dinner and games. The street will be closed from 5:30 to 7:30 p.m</body>
	<category></category>
	<tag></tag>
</page>