<?xml version='1.0' encoding='euc-kr'?>
<page>
	<id>110</id>
	<url>http://www3.signonsandiego.com/stories/2009/jun/02/white-smile/?features&amp;zIndex=109301</url>
	<title>Going in the white direction</title>
	<body> Everyone loves a mouthful of pearly whites. Call it the thrill of the grill. But few of us, alas, are born with teeth white enough and bright enough to dazzle for a lifetime.

Some folks simply grin and bear it, mouths presumably closed; others take action.

Teeth whitening has become big business. It's the most requested dental procedure among patients age 40 to 60 in the United States. Last year, Americans spent more than $2 billion to whiten their teeth, $1.4 billion for over-the-counter kits and concoctions.

So, are we smiling more?

Well, that depends. Teeth whitening ? or more precisely, bleaching ? doesn't work well for everyone. As they say, results vary. The biggest determinant is the state of your teeth when you start. Yellowish teeth bleach better than brownish teeth, according to studies by the American Dental Association. Grayish teeth are least responsive.

Lots of things account for the color of your teeth. Natural color varies dramatically. Healthy teeth are typically slightly yellow, the color coming from dentin, a dense tissue beneath each tooth's outer layer of enamel. Healthy dentin is slightly yellow.

Age plays a role too, of course. Over time, the natural color of teeth intensifies and darkens ? the result of things like wear and tear and accumulated stains.

A lifetime consuming liquids like coffee, tea, cola and wine can darken teeth, though these stains may also be among the easiest to remove. Frequent brushing with a whitening toothpaste is usually enough to minimize the problem. Acidic foods like citrus and vinegar contribute to enamel erosion, which makes the surface of teeth more transparent, revealing more of the underlying dentin.

Smoking darkens teeth, the brownish nicotine soaking into the tooth's internal structure. Some drugs, such as tetracycline, also cause internal staining, as does excessive consumption of fluoride.

Finally, grinding and trauma damage teeth, cracking the enamel, which permits debris and stains to adhere better to teeth.

There are three basic options for whitening your teeth:

1. An in-office procedure by your dentist.

2. A take-home whitening kit provided by your dentist.

3. An over-the-counter kit purchased at a grocery or drugstore.

The first option ? the in-office procedure ? is the most expensive, but it also provides the quickest and sometimes most dramatic results. The procedure involves the careful application of a gel containing a high concentration of bleaching agent ? typically 50 percent hydrogen peroxide ? to your teeth. (The gums and rest of the mouth are masked off to avoid irritation.) The hydrogen peroxide remains on the teeth for 15 to 20 minutes, then it's removed and the process repeated. There may be three or more applications, depending upon need.

Cost of treatment: $650 to $1,000.

Some dentists employ a laser or other bright light source to activate the gel and speed the whitening process. The efficacy of bleaching lights, however, is debatable. Some studies have suggested the lights don't really do anything. Indeed, they might actually cause harm by dehydrating teeth.

The second option ? the take-home kit from your dentist ? is cheaper and may be more effective in the long term. Your dentist provides plastic trays resembling mouth guards, each formed-fitted to your teeth and accompanied by tubes of whitening gel containing either a lower percentage of hydrogen peroxide or carbamide peroxide, a less powerful, slower acting whitener.

Patients fill the trays with the gel at home, then wear them for an hour or so each day (sometimes overnight) for one or two weeks.

Cost: $200 to $500.

Note: Early fears that chemical bleaching damaged teeth enamel appear to be unfounded, as long as procedures and products are used as designed and directed. Some people, however, experience painful sensitivity to whitening gels. In a 2002 University of Southern California study, half of the 100 patients surveyed said they felt mild to moderate sensitivity after using an over-the-counter whitening gel.

The third option is easiest, but least effective. Store-bought teeth-whitening kits are plentiful and relatively easy to use. They also contain minimal levels of bleaching agents, which means reduced risk of gum irritation but a longer treatment time.

Cost: $25 to $50.

There's a fourth option: Toothpastes designed and touted to whiten teeth. Most dentists, however, say any good toothpaste used regularly will effectively clean teeth and help keep them stain-free. Whitening toothpastes, which may contain tiny amounts of hydrogen peroxide, don't do measurably better.

Cost: $5 to $10.

Scott LaFee: (619) 293-1259; </body>
	<category></category>
	<tag></tag>
</page>