<?xml version='1.0' encoding='euc-kr'?>
<page>
	<id>42</id>
	<url>http://www.vividseats.com/mlb-baseball/</url>
	<title>MLB Tickets | Vivid Seats</title>
	<body>MLB BASEBALL TICKETS
	MLB Ticket Information
Vivid Seats is your connection to MLB tickets for all home and away. You'll find seats for all spring training, regular season, and post season at prices that meet virtually any fan's budget. Whether you're an American League fan or National League fan , we have the tickets you want at the prices you can afford. When you're team makes it into the postseason, you can be sure our inventory of MLB Playoff tickets and World Series tickets will be in ready supply. We also have access to all special baseball events including MLB All Star and weekend events. Buy MLB tickets online at Vivid Seats or call us at 866.848.8499 at any time.

Vivid Seats not only has cheap MLB tickets, we also have award winning customer service! Our website provides easy access for a variety of seats, from the outfield to behind the dug out. We also give our customers access to the MLB schedule, seating charts, team history and the current lowdown on your favorite team.

Buying MLB tickets from our marketplace is simple, easy, and secure. Just select a team from the list above and choose the game you wish to attend. You will be shown the entire schedule, and can easily filter between home and away matches. Once you have chosen the match you want to attend, secure your order of MLB tickets by completing the quick steps outlined in the shopping cart and let Vividseats.com take care of the rest. We hope you enjoy!
</body>
	<category></category>
	<tag></tag>
</page>