<?xml version='1.0' encoding='euc-kr'?>
<page>
	<id>46</id>
	<url>http://www.vectordiary.com/illustrator/learn-adobe-illustrator/</url>
	<title>Learn Adobe Illustrator in 30 Days Crash Course ? FREE</title>
	<body>This is the most popular FREE Illustrator training course created for beginners interested to learn Adobe Illustrator. Each lesson will take around 20 mins to complete and you will be able to learn the basic fundamental techniques in 30 days. The course is updated to work with Illustrator CS to Illustrator CS5. No matter what version you installed, you will definitely benefit from this Illustrator crash course. The lessons are kept easy and simple so that anyone can be confident in using Illustrator after this crash course!

In this Illustrator training course, I will not be drilling down in detail how each feature works. However, I will be covering all the essential tools that are commonly used so that you can get started and have a feel of how illustrator works. At 30 days you will be able to draw illustrations, design your own logos and create special effects with this Illustrator training course!

This is one of the best courses for starters and beginners. So don��t miss this chance to learn Illustrator.

Remember to subscribe to my RSS feeds for new upcoming illustrator tutorials and tips. Join as a premium member to read exclusive illustrator tutorials and tips by industry leaders.

Update July 2016 - More than 8,000 users have completed this Illustrator training course and recommended it to their friends! So start learning Illustrator today!

Illustrator Training - Week 1
Day 1: What is Illustrator
Day 2: Getting Started in Illustrator
Day 3: Drawing Basic Shapes
Day 4: Drawing with Pencil Tool
Day 5: Drawing with Pen Tool
Day 6: Weekend Break
Day 7: Weekend Break

Illustrator Training - Week 2
Day 8: Using Brushes
Day 9: Creating Compound Paths
Day 10: Working with Color and Strokes
Day 11: Editing Objects, Layers and Groups
Day 12: Transparency and Graphic Styles
Day 13: Weekend Break
Day 14: Weekend Break

Illustrator Training - Week 3
Day 15: Transforming and Moving Objects
Day 16: Basic Text
Day 17: Blending Shapes and Colors
Day 18: Photorealism with Gradient Mesh
Day 19: Using the Symbol Tools
Day 20: Weekend Break
Day 21: Weekend Break

Illustrator Training - Last Week
Day 22: Creating Special Effects
Day 23: Applying 3D Extrude and Bevel
Day 24: Distort using Warp Effects
Day 25: Applying Live Paint
Day 26: Masking using Clipping Path/ Opacity Mask
Day 27: Weekend Break
Day 28: Weekend Break
Day 29: Saving and Printing
Day 30: Final Project - Designing a Logo

Thanks for supporting this Illustrator training course!

If you have enjoyed using Illustrator, you can buy Adobe software at promotional prices at Adobe discount.
</body>
	<category></category>
	<tag></tag>
</page>