<?xml version='1.0' encoding='euc-kr'?>
<page>
	<id>34</id>
	<url>http://www.flowershopnetwork.com/blog/</url>
	<title>5 Reasons To Send Flowers March ’16</title>
	<body>Can you believe it’s already March? It seems like every year that passes goes by faster and faster! This month is full of great and unique holidays, even gives us the opportunity to create our own. Keep on reading if you’re looking for reasons to send flowers this month!
1. International Women’s Day – March 8th
Today we celebrate all the hard working ladies in our lives! Flowers show appreciation, a red rose symbolizes love and respect. Share a bit of sunshine in the form of flowers with all those wonderful ladies in your life!
2. Day of Awesomeness – March 10th
The title of this holiday says it all! Make this day an awesome experience for your lover, family or friends. Fill their day with little things like compliments, chocolates and flowers!
3. True Confessions Day – March 15th
This day allows you to be honest with yourself and those around. Maybe you’ve been holding back feelings for someone and want to take that relationship to the next level. It’s okay to be scared but take advantage of this day to confess your true feelings. Flowers show love and appreciation, along with the heartfelt words and deep emotions, this could mark the beginning of a new journey.
4. International Day of Happiness – March 20th
Happiness is an emotion we all seek, a feeling we all want in our lives but is often hard to find. Today make your loved ones happy by sharing a smile, a big hug and, of course, flowers! Flowers are scientifically proven to uplift our spirits when we feel stressed, sad or angry. Make the act of finding happiness easier for those you love!
5. Make Up Your Own Holiday – March 26th
This is your chance to create your own holiday! You can make it all about you or about the most important person in your life. There is nothing better than having our own holiday! Along with flowers send a message that talks about the holiday you just created, specially if it’s about the recipient of those delicate blooms.
Don’t wait for a specific day to give flowers, head to your local florist and delight friends and family with their stunning beauty! Visit our Bloomin’ Blog for tips and more floral ideas.
</body>
	<category></category>
	<tag></tag>
</page>