<?xml version='1.0' encoding='euc-kr'?>
<page>
	<id>12</id>
	<url>http://www.wikihow.com/Compose-Music</url>
	<title>http://www.wikihow.com/Compose-Music</title>
	<body>There are many composers in the world today. A composer is commonly known for also being the conductor, but this isn't usually the case. A composer creates and writes music, may it be for performances, or just for listening to. Composers have outstanding knowledge in music, for most composers make a living off of creating music. All composers, however, always had to start out with the basics.
	Composing Music For Beginners
	Enroll in a class and take lessons for a beginners instrument if you have not already chosen and are not already playing an instrument. You will need to be able to play something at least at a basic level. Please do not assume piano is the only way to go. Yes it is conventional, but many composers have begun their compositional careers on instruments such as the guitar, oboe and clarinet.
	
Learn to actually listen to the musical devices and their sound.

Learn the musical scales. the most powerful scale tool musicians have is the diatonic modes, which are just scales, starting on different root notes. You should also understand scales and chords and remember them.

It will help to learn all about music theory. Take a class in high school or college, or even teach yourself via the internet. You will need the knowledge regardless of how you learn it.
You may want to take easy and well-known pieces and try to switch them around, make your own variation of them, change the key (also known as transposing a key), and read music charts while even alternating the chords. Be creative!
</body>
	<category></category>
	<tag></tag>
</page>