<?xml version='1.0' encoding='euc-kr'?>
<page>
	<id>41</id>
	<url>http://www.wikihow.com/Get-Motorcycle-Repair-Training</url>
	<title>How to Get Motorcycle Repair Training</title>
	<body>If you are interested in pursuing a career in motorcycle repair, then training is a necessity. Formal training can be found in many ways. You can follow a specific route in your endeavor to become trained in motorcycle repair. This will ensure that you learn everything related to the field. Consider the following steps if you want to get motorcycle repair training.
		
1 Understand what the requirements are for repairing motorcycles. Before getting the training, you need to make sure that you know what you are getting into. Motorcycle mechanics need to know how to repair, maintain, adjust and test all the components of a motorcycle. They should be knowledgeable in the complete mechanics of a motorcycle and be able to recognize and fix mechanical problems.

2 Begin your motorbike repair training with a high school diploma. Even though this is not a requirement, a high school diploma is a helpful foundation to build upon. Any mechanical training will be easier to comprehend once you have completed classes in basic English, math and science.

3 Research motorcycle repair training programs and workshops in your area. Not only do colleges offer mechanical training for motorcycle repair, but some dealerships do also. Look in trade magazines for information or search online. Ideally you should opt for training that covers different model bikes, unless you prefer to specialize in 1 particular model.

4 Get certified in motorcycle mechanics. This may be a requirement in the area that you want to eventually work in. Find out what the exact requirements are, and complete the certification as soon as you can after completion of your training.

5 Opt for an internship at a dealership. Experience is a great way to train. When you work in the actual environment you hope to eventually have a career in, you will gain valuable knowledge. Internships provide you with real life, day to day, situations that you probably won't experience in a classroom. You could set yourself up with an internship while you are taking classes. This way you can practice what you learn in the classroom, out in the field.

6 Consider getting a job in a dealership as an assistant mechanic. You can start off doing odd jobs or running around for the head mechanic. Once you have your foot in the door, you can work your way up as you prove your competence as a mechanic. If you become a valued employee, you can ask your employer if there are any motorcycle repair courses in place that you can attend. Your employer may be willing to pay for you to get further training in the field.

7 Stay abreast of the latest in the field of motorcycle repair. This may mean continued training so that you are familiar with recent trends as technology changes. By doing this, you are improving your chances for advancement in your company. Additionally, you will increase your value within your company, making you less likely to be laid off or replaced.
</body>
	<category></category>
	<tag></tag>
</page>