<?xml version='1.0' encoding='euc-kr'?>
<page>
	<id>3</id>
	<url>http://timesofindia.indiatimes.com/life-style/home-garden/10-tips-to-pick-the-right-furniture/articleshow/16432686.cms</url>
	<title>10 tips to pick the right furniture</title>
	<body>There are a lot of options, albeit expensive, for one to choose from in the market today.
	If revamping home is in your agenda and you're thinking about furniture then these are the things that you need to give a thought to
1. Allot a specific budget first and then go shopping to see what exactly you need.
2. Select the material like hardwood or wood.
3. If cost effective is what your motto is, plan your buying accordingly.
4. Do not plan arbitrarily. Go for that piece of furniture which is utility based rather than that which is just for ornamentation purpose.
5. List out how much storage space you are going to need to keep your stuff. And how much dining space you will need in the house. Is a table space really required in the house?
6. Think about balancing new furniture with the existing stuff in the house in terms of the colour of the polish. You can get your older ones polished in accordance with the colour of the new ones.
7. Whether you need a bed or a box bed, that needs to be planned well.
8. Same thought needs to be given to the wall unit. First of all, what else do you need to store and how large or small is the space where you are going to keep?
9. If it proves too expensive an affair to buy all these at one go, you can avail the EMI options at various outlets which offer such schemes.
10. Enjoy the process of buying.
</body>
	<category></category>
	<tag></tag>
</page>