<?xml version='1.0' encoding='euc-kr'?>
<page>
	<id>30</id>
	<url>https://www.quora.com/How-do-I-buy-music-concert-tickets-online</url>
	<title>How do I buy music concert tickets online?</title>
	<body>Hey there,

It's really easy to purchase music concert tickets online and it's secure as well so you have nothing to worry about, knowing the tickets are legit as well.

I would recommend visiting TixSearcher.com: Search and Compare Ticket Prices as it allows you to search for any music concert ticket you desire AND also compare the music concert ticket prices from all top, big and known ticket suppliers.

Once you've found tickets for the price that suits you, you simply continue from this site to the supplier's page of this music concert and book your tickets, it's real easy.

You can bookmark the site (TixSearcher) and use it for future shows as well, it is being updated on a daily basis and it's a great way to find music concert tickets and compare prices before you decide to purchase, it's also free to use.

There's a registration for a newsletter so you can also stay in touch with new promos, discounts, shows and more.

Good luck and have lots of fun! :)
</body>
	<category></category>
	<tag></tag>
</page>