<?xml version='1.0' encoding='euc-kr'?>
<page>
	<id>2</id>
	<url>http://www.selectcoffeeservices.co.uk/</url>
	<title>Select Coffee Services - From Bean To Cup - Coffee, Tea, Machines, Sundries, Accessories, Peterborough, UK</title>
	<body>Welcome to 
Select Coffee Services
Dedicated distributors of all things coffee for over twenty years.


Traditional Espresso Machines
Bean to Cup machines 
Coffee Vending machines 
Filter coffee machines on loan
Leading brand names such as Expobar, Iberital, Jura, Matrix and Bravilor
Flexible payment options - Rent, Lease or Lease Purchase 
Fresh coffee roasted to order, including our own signature range Arrosto Coffee
Full range of Teas available

We firmly believe that to get the best out of your coffee, not only do you need the finest quality beans, but also the best equipment and training available to you. We are able to provide both of these, with an experienced and highly skilled team of trained Coffee Technicians and Engineers to service and provide training on all our machines, to get the best cup of coffee possible.

Our Ethos
At Select Coffee Services we work hard to provide quality and consistency with all our products, and believe that we work in partnership with all our customers – we don’t just want to sell our coffee in; we want to help you to sell it out, to help you create your very own piece of coffee culture.
</body>
	<category></category>
	<tag></tag>
</page>