<?xml version='1.0' encoding='euc-kr'?>
<page>
	<id>23</id>
	<url>http://www.gestaosocioambiental.net/77/7-useful-tips-to-buy-a-lcd-tv-with-hdtv.html</url>
	<title>7 Useful Tips to Buy a LCD TV with HDTV</title>
	<body>Sometimes, we are tricked by technology. HDTV becomes one of the hottest gadgets right now. Here are 7 useful tips on how to buy a LCD TV with HDTV.

1. Where do you want to put it?

When you hit the store, you will choose a model. How you make the choice will need consideration on where you put it. LCD can be either on top of table or small shelves or hang on the wall. One you can hang eats smaller space.

2. What are you going to watch?

This will influence the specs. If you only need to watch movies and TV series, you only need moderate LCD HDTV. This is common choice for a living room. However, for working stuff, you may need higher resolution and specs.

3. What is the right choice?

Now, try to turn on the LCD HDTV and check on several details like resolution, ratio, contrasts, internet connection if available, and 3D support if any. The entire spec should meet your watching need. In addition to it, you also need to but the right LCD HDTV, which size is perfect for your room size.

4. Available brands

On market, we will find many brands. We can select from one of them by considering the reputation, quality offered, and also how they provide service and customer care. Do not by cheap product with unknown brand, you may regret the quality and waste the money.

5. Price

Compare price from several suppliers. Do not come to only one store. Sometimes, the same item is available on lower price next door. You do not have to buy the most expensive, but do not buy anything cheapest. Pick one with reasonable price and worthy quality instead of the two options.

6. Warranty

Check about the warranty. This is essential because gadget can come on bad condition as well. To be more prepared on bad possibilities, you should buy one with enough warranty, commonly years or months. It also enables you to get a replacement or free service during warranty time when you need it.

7. Style

Style defines the color, shape, and also looks. If you have a modern house, you should pick one with modern line and model. There are many models, as well as colors. Match it with your interior decoration.

Those 7 tips are useful in finding the right LCD TV with HDTV for your living room. It is simple enough, and you do not need specialist assistant to check on those details. Good luck!
</body>
	<category></category>
	<tag></tag>
</page>