<?xml version='1.0' encoding='euc-kr'?>
<page> 
	<id>6</id>
	<url>https://www.allianz.com/en/about_us/open-knowledge/topics/environment/articles/100510-six-ways-to-generate-energy-at-home.html/</url>
	<title>Six ways to generate energy at home</title>
	<body>True energy independence starts at home, but which renewable energy is the best for your house? Here are some easy ways to create your own power.
	Small Wind Turbines (1/6)
'Small wind' turbines generate electricity for the place where they are sited, not the national grid. These turbines usually have a capacity of 100 Kilowatts or less. Wind turbines for private homes are even smaller and have capacities of between two and ten Kilowatts.
You will need at least an acre of open space. Before a small turbine can be installed, the wind data around your home has to be assessed. Wind turbines are not built with toxic materials and a small turbine is no louder than a refrigerator.
</body>
	<category></category>
	<tag></tag>
</page>