<?xml version='1.0' encoding='euc-kr'?>
<page> 
	<id>19</id>
	<url>http://riskshoestore.com/shoe-and-boot-repair/</url>
	<title>  Shoe and Boot RepairRisk Shoe Store and Shoe Repair</title>
	<body>Shoe and Boot Repair
boot_damageWe repair all kinds of shoes and boots, from your $10 pair of shoes to your Allen-Edmonds. Specializing in cowboy boy boots, we repair brands such as Justin, Tony Lama and Ariat, among others. Work boots? Not a problem. We repair Red Wings, Justin Workboots, Wolverine and many others. And ladys, we didn��t forget you. From your taps on your heels to your holes in your soles.
At Risk Shoes, we bring a history of over 90 years of passion and experienced craftmanship to the shoe repair industry. From sole and heel replacements to complete inside-out restorations of your favorite boot or shoe, one would be hard-pressed to find a brand or style that we have not worked on. We also carry the largest variety of shoe and boot care products in the industry to help keep your footwear looking and feeling great!
And most importanly, we do not outsource any of our repair work. All of our work is done on our equipment, by us in our shop. Stop by, gives us a call or send us an email if you have any questions about our repair services.
</body>
	<category></category>
	<tag></tag>
</page>