<?xml version='1.0' encoding='euc-kr'?>
<page>
	<id>48</id>
	<url>http://www.liangyiequipment.com/blog/fire-safety-protection-tips-what-you-need-to-know-about-firefighting/</url>
	<title>Fire Safety Protection Tips: What you need to know about Firefighting?</title>
	<body>Let us give you few of the finest and reliable fire safety protection tips and information about the services available from many leading fire fighting companies.

Fire is known as one of the source of our life. But at certain point it can spotted really dangerous if not handled properly.

It is not an easy task for everyone to prevent the fire without having proper education of fire safety protection tips.

One should be well equipped with relative accessories. There are various esteem companies for providing protection services and fire safety protection tips. But companies that are well versed with diverse protection tricks are the one you should actually depend on. fire fighting systems

There are various smart steps to support proper protection system for your commercial or residential buildings.

By getting these facilities, we can protect our self from these dangerous flames. Let’s get to know these different types of fire protection services.

In these administrations, specialists for the most part transport distinctive sorts of supplies to guarantee the security of your building such as:

Hose reels
Sprinklers
Hydrants
Extinguishers
fire fighting equipment

These frameworks respect battle fire on any prompt back ground. Be that as it may, for doing this, you have to mainsail all these gear in a legitimate manner so they will do their work legitimately when needed.

Aside from profiting the advantage of Fire Safety Service, you have to keep up some essential things to stay shielded from flares. The premier thing to stay shielded from flame is to introduce cautions in your private or business structures.

fire caution

fire cautionThese cautions are an enormous help to indicate or to alarm anybody when there is a shot of spread  There flame cautions are for the most part characterized in two sorts. Smoke and warm evidence and sign framework for the pace in building.

The next enormous fat Fire Safety Systems for securing your room is to for the Sprinklers framework. This framework is exceptionally useful for Extinguisting the building compound and additionally to give safety to your significant paraphernalia.
The most normal and famous aversion framework is the watery security framework. You have seen this procedure when wherever separated into annihilating flame. At that point this framework is connected by both basic and expert contenders.
If your building is under the grip of flame, then utilizing an immaculate pointer framework is the right decision for you to spare your life by doing a way out from the security way.
Apart from the above notice arrangements, Extinguisher can easily own most of the fire fighting types of gear and to absolutely be prepared battle with the overwhelming fire with our fire safety protection tips.

</body>
	<category></category>
	<tag></tag>
</page>