<?xml version='1.0' encoding='euc-kr'?>
<page>
	<id>32</id>
	<url>https://www.mymajors.com/find-a-college/</url>
	<title>College Search by Major and State</title>
	<body>College Search

The MyMajors College Search connects you to over 7,500 Colleges, Universities and Career Schools. Refine your search below by searching for your Major, State, and Institution Type. Use the Request Info button to request info, or click on the School name to research more.
	
</body>
	<category></category>
	<tag></tag>
</page>