<?xml version='1.0' encoding='euc-kr'?>
<page>
	<id>5</id>
	<url>http://www.motherearthnews.com/real-food/fermenting/how-to-make-wine-zmaz76soztak.aspx</url>
	<title>How to Make Wine at Home</title>
	<body>Learn all you need to know to make your own fine wine at home. All about equipment, fermentation, racking and wine recipes.
	Although homemade wine can be really terrible, it can also be really great. In fact (if you know how to go about it), you can actually make wine at home that will be better than any jug wine you're apt to buy. Not as good . Better. And you'll have the additional satisfaction of knowing that your do-it-yourself drink is all natural and alive ... not laced with some commercial winery's sorbates, sulfur dioxide, or glycerol. And not filtered through asbestos.

Thanks to the high pressures of today's marketplace, you see, commercial wineries (if they want to stay in business) are forced to pound their products into shape with filters and chemicals and pasteurization. They simply can't afford to make everyday wines (which sell for less than $3.00 a bottle) in any other way. The longer they hold a bottle or a jug or a vat of their product, the more it costs them. To a businessman, time is money. .. and the more of it he can squeeze out of the line he markets — be it widgets or wine — the more competitive he becomes.

Ahhh, and there's the rub. Time. Really good wine can only develop over time. And, unlike the owner of a commercial winery, time is the one ingredient you have plenty of. This is the edge that you, as a home winemaker, have. This is the advantage which — used wisely — will allow you to make better wine than you can buy.

Making Your Own Wine is Easy!

If you can fall out of bed in the morning, you can make good wine. It's that easy. But you'll never do it if you try to just blunder along, follow a recipe, throw in a little baker's yeast from time to time, and see what happens.

To make really good — even superb! — wine, you must understand the fundamentals of each step of the process. And you must learn to be absolutely religious about keeping everything in your mini-winery spotlessly clean at all times. Master these two basics of the art, and you'll be able to produce exceptional wine from almost any fruit and a variety of vegetables. (Don't laugh. The English even make the drink from hedge leaves . . . and one of the best wines I've ever tasted was made from beets.)

The Mysteries of Fermentation

The (to most people) seemingly mysterious world of fermentation is actually as straightforward and easy to comprehend as any other chemistry experiment. A solution — called must — of water, sugar, fruit juice, and fruit pulp is prepared in a scrupulously clean container and wine yeast is then introduced to the must.

That's wine yeast, and not baker's yeast. Baker's yeast is bred for the taste it leaves in baked goods, while wine yeast has been carefully developed over hundreds of years to leave no taste in wine at all. Baker's yeast is "top fermenting" (most of its action, when it's used to make wine, takes place in the upper few inches of the must) ... wine yeast "bottom ferments". Baker's yeast is sometimes killed by the first few percentage points of alcohol that develop in a container of must ... wine yeast can withstand as much as a 16% concentration of alcohol.
</body>
	<category></category>
	<tag></tag>
</page>