<?xml version='1.0' encoding='euc-kr'?>
<page>
	<id>27</id>
	<url>http://www.luvabledogrescue.org/how-to-adopt</url>
	<title>Luvable Dog Rescue - How To Adopt</title>
	<body>At Luvable Dog Rescue our dogs are everything. They are not for sale, they are not free, they are not kept in cages, and they are not treated like a number. We seek the very best in veterinary care, we thoroughly screen our applicants and they are not ‘sold’ to the first person that applies. Our dogs are unique, individual and every one of them is special in their own way. We pride ourselves on looking for the very best home for them.

For those reasons, Luvable has an adoption application process that ensures we find the right home for each of our animals. This is not just for the wellbeing of the animal, but it’s also for the happiness of the family adopting a new pet into their home. We want your experience to be the very best it can be, both during the application process, and also with your new family member at home.
	
	How To Adopt:
View our available adoptable dogs listed on this page.
Next step is to let us know which dog(s) captured your heart.  Please contact us at adoptions@luvabledogrescue.org to inquire more.
A representative of Luvable will be in contact with you as soon as possible to discuss your inquiry and e-mail you an application.
Once your application is approved, a Luvable rep will notify you if the dog(s) you are interested in is still available.
 If still available, then you will have the opportunity to take a dog home on a week long "sleepover". A fee deposit will be taken at this time.
If the "sleepover" is successful then Luvable will process the final paper work to FINALIZE the ADOPTION!!!
</body>
	<category></category>
	<tag></tag>
</page>