<?xml version='1.0' encoding='euc-kr'?>
<page>
	<id>10</id>
	<url>http://www.naturalnews.com/042688_natural_medicine_cancer_cures_government_agencies.html#</url>
	<title>Top seven natural cures for cancer that got buried by the FDA, AMA, CDC
</title>
	<body>(NaturalNews) How do you keep the spread of cancer "growing"? Bury the cure. How do you keep 1.5 million Americans "infested" yearly with mutated cells that multiply uncontrollably? You breed cancer in food and medicine. How many years ago did America start this evil strategy to make people sick and deny them the cure? Nearly 100 years. Where did it all really start? The American Medical Association (AMA) and a man named Morris Fishbein, who single-handedly removed nutrition from medical schools in the U.S. and installed a fake seal of approval for harmful lab-made drugs that made cancer worse. What else did Fishbein do? (http://www.v1.thehealingjournal.com)

Just in case you "doubters" and skeptics want some concrete proof, some evidence to take with you on your journey NOT to get cancer, here are some historical, proven facts to help you understand WHY you need to go 100% organic and research and use natural remedies, to build your immunity to disease with superfoods, herbs, tinctures and organic supplements. (http://www.naturalnews.com)

Let's begin this journey of truth and the not-so-healthy history of medicine in this bold country we call the "Land of the Free." Let's begin with the TOP SEVEN CURES for cancer that mainstream media will never admit to, because their advertising money comes from Big Pharma, the GMO Agriculture giants (Monsanto/Dupont/Bayer/Dow Chemical/etc.) and the lobbyists and politicians who make their money off of stocks in cancer therapies that don't work:

1. The AMA once paid a cancer virus researcher $250K to retire in Mexico and stop working on natural cures:
(http://www.naturalnews.com)

2. Burzynski documentary reveals true agenda of FDA and cancer industry to destroy cancer cures that really work:
(http://www.naturalnews.com)

3. 'Dying to Have Known' documentary features Gerson Therapy natural cancer cure:
(http://www.naturalnews.com)

4. Harry Hoxsey: Guilty of Curing Cancer with Herbs:
(http://www.naturalnews.com)

5. Medicinal mushrooms like reishi and chagacan beat cancer:
http://www.naturalnews.com/027308_mushrooms_cancer_medicinal.html#ixzz2jQYlzRIc

6. Marijuana - A cure for cancer?
(http://www.naturalnews.com)

7. Beat cancer with 35% hydrogen peroxide!
(http://www.naturalnews.com)

Pay it forward 100 years

Nearly 100 years ago, the AMA began removing nutritional education from medical schools in America. Medical doctors would no longer understand anything about using food as medicine (or be allowed to suggest it), and all mid-wives, Native American herbalists and natural healers would be referred to in medical journals as "quacks." The Western Medicine philosophy would soon come to be that no food in the world could ever heal a human being or cure any disease or disorder; in fact, only pharmaceuticals and vaccines would ever be able to make that claim (legally) and get away with it, whether in peer reviews, medical and science journals (JAMA), scientific "studies" or labeled as such on products. (http://www.naturalnews.com)

Currently, it is illegal for any food, herb, tincture or superfood product to say that it cures anything, yet medications advertised on TV since 1997 can say they treat all kinds of diseases and disorders, even though the side effects are horrendous, some of the time including internal bleeding and suicide. (http://www.naturalnews.com)

Mother Nature, on the other hand, has a CURE for everything and also offers prevention and immunity for everything under the sun. Nutritionists and Naturopathic Physicians will tell you all day that organic fruits and vegetables are the key to healing and living a healthy life. A plant-based diet can heal nearly any health problem, and the body is like a machine that fires "on all cylinders" when given the correct fuel. Take this knowledge and be on your way to health freedom and natural living, where you have lots of energy, rarely ever get sick, can think critically all the time, can be spiritual and independent and take care of your family! Follow Natural News and track the truth. Learn and grow from it. Don't eat cancer. Don't drink cancer. Be organic. (http://programs.webseed.com)
</body>
	<category></category>
	<tag></tag>
</page>