<?xml version='1.0' encoding='euc-kr'?>
<page>
	<id>1</id>
	<url>http://www.instructables.com/id/Roast-your-own-Coffee-at-home/</url>
	<title>Roast your own Coffee at home</title>
	<body>Do you want to drink gourmet coffee at near-Folgers prices? 
Are you ready for the freshest coffee available anywhere? 
Do you want that special blend no one makes? 
Want to help 3rd world farmers escape the tyrannical thumb of big-business coffee? 
Would you enjoy one-upping a Starbucks connoisseur wanna-be who claims to drink 'good' coffee? 
Are you ready to drink the absolute best coffee you can get? 

Then come on in, and learn to roast your own beans.
</body>
	<category></category>
	<tag></tag>
</page>